Player,Ngamer,Team Rocket Elite,MetalmindStats,DoomTheGyarados,Ringworm,_SecretSquirrel,Dr_Football,davidponte,Oxbridge,bwburke94,GildedFool,Kikoman589,abdou,SgtSphynx,ZeldaTPLink,charmander6000,MikeTavish,tyder21,swirldude,LeonhartFour,cyko,DomaDragoon,junk_funk,TsunamiXXVIII,Whiskey_Nick,Arti,DankBombers,PrinceKaro,Huntail,Gall,Furious Fura,tazzyboyishere,Dragon66116,LadyVyxx,tennisboy213,mcflubbin,Xeybozn,TAFKAHurricane,Hbthebattle,NowItsAngeTime,pirate109,t_kizzle,Z1mZum,Jdsmart,Glenn_and_Toad,Lightning Strikes,Cavedweller2000,linkhatesganon,Camden,Keltiq,cloelea,puseecat692,captaincanadian,princeton_boy,demphra,PSI_NESS,XIII_rocks,BK_Sheikah00,ZaziGuado,linid0t,KinjiMuto_3,MZero11,Menji,Luster Soldier,azuarc,Ranticoot,transience,Paratroopa1,AxemRedRanger,plasmabeam,BetrayedTangy,OrangeCrush980,Seanchan,JONALEON1,gamer man,spooky96,SSBM_Guy,Polycosm,Wibo,COVlD-19,ChichiriMuyo,pronouncemyname,handsomeboy2012,SeabassDebeste,squexa,FFDragon,Big Bob,Agent M,yoblazer,Kotetsu534,DoctorJimmy133,Joelypoely,PumpkinCoach,foxhead84,paulg235,firefdr,DpObliVion,Bane_Of_Despair,TheArkOfTurus,raytan7585,Tjian,jcgamer107,NewerShadow,Bartzyx,ctesjbuvf,SwiftyDC,Seginustemple,Master Moltar,SuperNiceDog,hylianknight3,Radix,Zylothewolf,scaryice,andylt,BlAcK TuRtLe,SpikeDragon,kateee,pjbasis,LordOfDabu,chocoboslayer,fpce666,WiggumFan267,MoogleKupo141,Ytterbicide,Safer_777,Jester69,Advokaiser,HeroDelTiempo17,The Mana Sword,CasanovaZelos,Osfan,Tirofog,UltimaterializerX,HaRRicH,Bossman_Coolguy,Lord Bob Bree,WhiteLens,LordoftheMorons,foolmoron,ffmasterjose,Fiop,Haste2
Ngamer,0,118,64,123,120,86,113,76,119,113,61,87,104,199,129,120,147,98,108,120,139,104,130,136,211,75,103,129,93,90,53,128,88,104,95,81,172,87,64,231,95,88,72,81,64,57,107,69,86,73,138,139,121,131,144,78,68,117,144,108,131,118,86,97,47,58,112,96,97,80,102,88,60,52,91,108,105,107,117,69,145,148,75,84,43,180,124,192,71,113,81,90,60,61,119,225,63,151,103,249,98,237,59,122,98,107,219,84,111,86,117,94,96,76,102,83,107,126,72,160,55,160,94,106,96,239,80,66,55,103,117,138,86,92,103,76,75,100,106,222,161,109
Team Rocket Elite,118,0,86,105,62,62,97,84,123,141,133,47,58,199,77,76,75,38,46,18,137,150,28,112,171,109,141,127,57,146,91,112,52,60,33,89,238,51,92,225,31,62,82,115,86,83,45,127,54,109,78,79,153,73,68,88,70,55,126,68,23,94,64,51,93,132,90,54,51,94,56,46,98,88,61,58,81,49,85,91,151,152,85,126,121,156,182,190,59,11,65,40,128,75,129,225,77,149,139,251,58,231,125,64,40,45,227,50,115,60,63,114,64,106,74,105,129,68,110,150,91,64,52,152,64,265,44,130,123,71,61,120,50,86,133,126,101,64,136,196,127,85
MetalmindStats,64,86,0,119,106,58,83,24,95,101,79,63,66,201,81,100,109,76,68,92,151,84,106,128,215,35,111,133,71,114,39,106,70,68,65,33,188,65,26,217,65,64,36,49,38,23,75,77,72,41,106,107,125,117,104,50,38,103,150,76,85,86,72,69,47,58,96,68,67,40,72,78,40,52,67,78,79,57,85,67,149,148,33,74,45,184,118,186,71,91,75,68,54,39,101,229,47,141,121,267,70,241,51,100,64,75,225,66,107,58,73,94,58,52,84,105,115,92,34,166,41,136,64,104,64,225,78,86,55,91,81,118,84,86,59,58,65,94,114,208,137,99
DoomTheGyarados,123,105,119,0,85,77,118,125,134,118,106,68,93,224,70,89,118,79,79,105,174,163,113,139,182,104,160,142,66,137,94,65,65,101,72,122,231,66,109,262,76,63,115,140,109,112,78,124,63,110,133,134,156,124,123,113,113,94,177,93,112,123,71,86,98,141,37,67,80,111,91,69,91,103,88,85,84,92,84,122,180,165,126,97,136,187,193,209,64,100,56,69,137,106,146,280,108,168,140,278,79,288,138,113,85,78,252,65,110,71,92,117,79,97,93,122,134,101,125,195,100,83,65,143,77,272,73,129,112,62,72,139,73,71,92,129,134,87,147,253,186,92
Ringworm,120,62,106,85,0,80,89,102,135,115,109,61,60,209,95,44,79,60,62,68,145,156,64,110,153,103,155,133,63,130,85,110,58,68,51,103,240,59,100,227,53,58,98,117,88,95,61,105,56,103,88,89,143,81,78,94,80,41,148,86,71,84,58,55,97,134,74,60,59,98,70,48,100,92,75,62,85,69,73,111,161,152,95,108,135,184,180,198,61,61,55,56,130,81,141,247,83,143,141,259,56,259,133,64,62,57,205,60,97,66,71,108,74,108,76,107,127,84,108,162,93,88,68,146,74,275,54,118,109,63,67,104,64,70,139,122,107,40,132,218,145,75
_SecretSquirrel,86,62,58,77,80,0,85,70,95,135,115,29,42,191,55,66,73,44,42,58,155,118,76,126,173,69,141,131,39,104,67,80,34,42,37,67,210,37,64,219,37,34,84,87,66,65,49,109,36,75,74,75,127,85,72,76,74,67,152,50,61,84,36,39,57,94,62,48,35,74,40,42,70,74,45,50,57,41,59,83,137,152,75,98,65,174,162,186,23,65,41,36,90,71,97,229,73,133,125,251,40,245,87,82,34,49,225,30,89,28,47,96,32,86,52,87,115,64,74,176,73,112,40,134,34,271,26,116,91,57,63,116,34,34,101,96,105,62,108,212,139,69
Dr_Football,113,97,83,118,89,85,0,89,110,134,114,78,83,210,108,73,80,93,97,93,132,133,101,119,204,76,164,118,82,147,86,115,75,103,96,80,237,74,67,184,94,77,105,104,73,98,98,116,71,74,121,122,138,134,107,89,99,68,157,103,98,35,81,98,96,97,115,93,68,77,83,81,71,91,100,103,112,90,80,104,152,133,82,125,106,187,185,213,94,102,86,97,97,90,110,242,88,124,116,256,75,246,94,121,85,102,220,77,46,61,80,97,79,87,121,116,114,115,81,175,72,139,91,143,69,294,95,113,94,90,118,109,97,91,110,109,106,67,139,203,124,112
davidponte,76,84,24,125,102,70,89,0,95,85,79,75,60,195,83,84,103,54,52,86,145,76,96,122,199,33,89,141,71,128,47,110,76,58,61,21,194,71,38,221,57,76,24,47,28,35,59,79,80,41,104,105,129,115,102,40,32,89,148,80,67,100,80,67,55,54,102,70,63,28,68,68,42,36,79,74,97,45,85,79,145,158,23,72,55,170,120,180,85,83,73,62,60,35,103,221,35,151,119,265,56,251,51,94,64,59,223,72,113,66,67,104,72,58,92,97,111,100,48,168,39,128,68,108,60,213,68,84,59,93,75,126,66,86,61,70,61,102,106,194,125,103
Oxbridge,119,123,95,134,135,95,110,95,0,146,114,100,109,208,132,125,128,95,97,133,100,143,143,145,236,92,108,74,94,123,104,127,93,103,96,98,189,98,95,160,98,105,109,130,99,100,94,84,99,94,151,152,118,162,137,105,103,130,83,101,114,119,111,118,106,105,131,87,102,101,111,107,105,119,102,123,124,98,112,96,130,101,102,125,100,117,163,191,104,120,106,101,103,106,44,168,100,88,70,208,99,236,86,135,111,98,222,95,134,95,114,45,99,111,107,54,50,125,105,113,98,169,85,101,87,266,109,101,96,114,102,133,105,95,124,125,88,123,107,151,112,118
bwburke94,113,141,101,118,115,135,134,85,146,0,90,110,107,180,122,129,144,111,109,131,170,137,129,153,228,84,130,150,106,155,88,133,105,125,108,78,227,108,87,264,110,105,77,96,71,86,106,96,105,72,165,166,156,158,151,73,73,114,187,137,140,133,109,104,88,111,111,115,110,79,119,95,77,81,130,107,132,116,114,130,194,177,74,81,126,145,165,227,118,134,112,113,109,66,154,278,66,190,146,296,99,290,104,119,111,106,246,107,144,113,118,127,115,71,137,132,132,147,89,203,66,137,119,131,113,232,113,101,106,114,112,141,113,121,80,111,96,115,137,245,164,128
GildedFool,61,133,79,106,109,115,114,79,114,90,0,94,117,226,148,111,134,103,103,133,144,105,125,129,206,70,104,118,92,109,60,137,89,123,102,82,197,92,71,228,102,91,77,98,73,72,100,60,91,62,163,164,104,156,149,77,71,114,159,117,132,119,95,112,68,69,113,99,110,69,121,97,59,65,112,115,110,106,106,80,150,145,82,79,74,191,119,203,98,128,82,105,63,68,110,258,66,150,104,258,105,238,66,123,115,106,206,93,118,101,106,95,103,55,115,110,100,139,77,173,56,147,101,91,103,248,105,61,32,104,108,119,107,111,92,83,78,109,97,225,158,98
Kikoman589,87,47,63,68,61,29,78,75,100,110,94,0,31,206,54,75,64,29,35,43,132,125,53,113,166,64,130,108,14,111,62,73,7,51,20,64,203,10,53,214,18,15,75,84,57,56,34,94,13,66,87,88,110,80,77,61,57,44,143,43,58,69,19,22,56,91,53,33,30,65,31,17,53,71,40,31,46,38,50,64,150,133,62,89,92,171,153,181,24,48,28,27,91,46,100,238,52,136,100,248,31,238,90,73,21,32,220,5,98,19,38,67,23,59,49,86,92,65,75,161,48,93,23,119,23,256,27,91,90,34,48,113,37,53,88,93,82,41,111,203,132,50
abdou,104,58,66,93,60,42,83,60,109,107,117,31,0,191,43,60,67,38,44,52,145,122,48,128,173,73,139,131,37,124,85,78,32,32,33,57,230,31,62,221,31,40,74,73,50,75,41,117,34,69,68,69,125,79,58,62,64,49,152,58,51,86,42,23,85,88,70,48,19,54,24,26,76,74,53,28,67,29,43,87,151,142,51,114,91,182,170,184,49,57,49,34,90,55,105,225,57,143,119,263,20,257,89,72,28,39,235,30,121,24,29,92,24,82,70,95,113,80,78,168,69,98,50,138,28,257,32,110,95,49,55,124,42,50,89,94,81,62,126,186,121,75
SgtSphynx,199,199,201,224,209,191,210,195,208,180,226,206,191,0,190,205,198,201,203,197,198,199,203,193,308,208,216,180,214,213,202,209,209,171,198,192,303,210,197,290,196,207,203,182,191,198,204,216,205,200,167,152,216,162,165,201,195,204,169,211,196,213,203,188,200,201,199,219,192,201,189,199,209,207,200,197,198,198,210,208,182,191,196,209,196,145,279,251,202,198,216,199,191,198,192,254,194,184,208,308,197,318,206,191,195,206,308,207,220,203,194,211,201,209,199,200,208,205,207,209,210,193,213,237,203,302,197,221,210,222,212,195,207,201,208,197,202,209,211,269,174,208
ZeldaTPLink,129,77,81,70,95,55,108,83,132,122,148,54,43,190,0,89,102,65,63,67,168,139,83,151,200,94,164,158,62,145,100,53,59,61,54,70,253,58,83,244,54,59,93,92,75,96,68,144,63,102,95,96,152,104,93,91,93,78,175,85,78,111,63,46,106,111,47,77,42,81,43,51,95,101,76,53,82,54,74,112,176,171,78,123,112,181,193,215,72,80,80,59,113,80,130,250,88,170,150,292,49,278,110,95,39,66,266,55,140,49,58,121,51,109,93,118,142,107,95,195,102,77,73,171,55,250,63,137,120,76,82,155,65,89,70,123,112,89,155,217,144,100
charmander6000,120,76,100,89,44,66,73,84,125,129,111,75,60,205,89,0,75,66,64,76,139,138,74,106,139,97,153,139,69,146,93,86,68,70,63,89,242,65,92,205,65,68,106,107,82,113,63,125,68,97,84,85,153,93,70,98,100,41,156,88,61,98,76,73,99,122,88,78,51,78,62,58,102,78,81,78,93,45,63,115,143,160,91,120,117,180,198,204,65,73,53,58,120,93,123,231,93,135,133,265,50,263,121,84,70,63,227,70,97,56,55,120,70,110,98,111,135,90,104,182,99,98,76,154,60,287,60,142,95,77,73,108,56,64,123,128,115,52,140,198,135,87
MikeTavish,147,75,109,118,79,73,80,103,128,144,134,64,67,198,102,75,0,73,77,67,144,147,63,119,194,94,170,126,62,167,118,107,67,83,84,104,249,66,97,192,80,73,119,128,99,112,76,136,67,82,91,92,132,104,81,105,109,56,169,87,62,81,73,80,118,117,103,81,70,99,79,75,103,119,90,87,104,74,80,124,148,143,96,133,130,177,199,233,88,74,74,85,119,110,128,246,104,114,136,262,67,238,116,101,79,78,212,63,108,61,68,125,63,103,97,144,124,83,105,165,92,105,75,155,55,304,83,129,116,90,94,121,81,77,116,121,136,63,143,191,128,98
tyder21,98,38,76,79,60,44,93,54,95,111,103,29,38,201,65,66,73,0,12,48,139,124,52,106,157,77,107,131,25,130,69,92,30,38,15,67,214,33,80,227,13,40,58,97,64,63,11,99,32,79,86,87,127,81,76,66,52,41,134,42,41,90,38,29,75,102,64,28,33,64,42,24,72,62,47,38,67,27,61,77,149,156,67,96,103,154,152,168,43,35,33,18,110,57,107,225,55,155,109,251,30,243,97,68,28,15,215,28,107,42,39,92,50,80,56,85,95,62,96,160,61,88,22,126,34,243,22,104,97,49,37,124,20,52,105,112,85,58,102,202,131,61
swirldude,108,46,68,79,62,42,97,52,97,109,103,35,44,203,63,64,77,12,0,44,143,128,58,110,155,69,115,131,27,124,67,92,34,34,17,63,214,33,80,229,21,28,56,89,70,65,9,103,34,79,78,79,127,75,76,66,58,43,136,46,49,94,40,31,79,100,60,32,37,62,48,30,68,66,49,36,55,29,61,79,157,158,73,98,99,160,144,166,45,45,37,22,104,59,111,235,59,159,113,255,36,243,97,62,24,15,215,34,103,46,41,90,56,78,52,91,103,58,88,166,65,88,28,124,40,243,30,108,97,51,33,124,22,58,105,120,85,62,100,202,133,67
LeonhartFour,120,18,92,105,68,58,93,86,133,131,133,43,52,197,67,76,67,48,44,0,133,148,26,116,171,95,153,121,51,142,83,110,46,62,45,79,244,45,92,219,45,44,84,101,78,89,51,129,48,101,76,77,149,71,74,80,84,45,140,82,37,86,50,39,99,118,82,64,43,86,52,38,82,90,73,48,75,59,79,101,161,146,85,130,113,168,182,198,65,21,67,48,114,71,135,235,71,155,131,255,52,239,111,72,30,57,235,42,111,52,61,106,62,100,80,107,127,70,96,164,83,72,64,154,58,277,46,122,127,63,73,122,50,88,129,132,97,54,138,190,127,93
cyko,139,137,151,174,145,155,132,145,100,170,144,132,145,198,168,139,144,139,143,133,0,169,133,107,218,140,138,44,128,171,140,153,133,159,140,146,229,128,137,154,138,131,149,144,131,148,142,118,129,140,157,142,142,134,139,143,139,122,79,161,148,141,131,142,144,139,165,151,134,131,143,123,125,129,154,147,156,138,124,136,76,67,140,165,154,95,211,247,144,136,136,141,145,134,90,170,134,102,68,192,133,268,152,155,133,142,268,127,152,129,138,73,145,137,163,78,84,161,147,83,128,161,143,139,137,300,145,131,130,118,158,127,141,163,170,167,106,133,163,129,96,140
DomaDragoon,104,150,84,163,156,118,133,76,143,137,105,125,122,199,139,138,147,124,128,148,169,0,152,148,255,89,131,167,129,150,91,152,130,126,127,83,208,127,82,253,123,128,86,89,86,85,133,107,132,93,162,163,155,171,160,102,94,143,190,142,137,154,120,119,89,90,148,136,121,88,118,126,86,96,137,126,133,111,121,121,161,190,81,110,95,212,172,236,125,149,129,132,92,93,121,263,95,151,143,287,118,285,87,154,124,127,255,126,147,118,113,140,114,86,142,139,133,156,88,172,95,172,128,132,116,251,130,114,91,135,143,172,132,128,107,84,103,144,148,234,159,133
junk_funk,130,28,106,113,64,76,101,96,143,129,125,53,48,203,83,74,63,52,58,26,133,152,0,118,167,109,157,135,57,148,107,106,58,72,55,93,250,57,100,225,53,66,98,115,92,97,57,129,60,103,80,81,139,75,70,94,80,45,146,82,33,98,62,47,107,124,98,68,57,86,62,52,100,90,81,56,93,57,81,111,149,150,85,124,133,170,188,206,71,35,69,60,132,77,127,243,79,159,131,255,58,251,125,76,50,55,233,56,125,68,53,118,62,100,86,121,127,74,112,170,89,62,68,150,68,277,54,124,125,75,75,128,56,84,123,130,105,68,136,188,129,81
TsunamiXXVIII,136,112,128,139,110,126,119,122,145,153,129,113,128,193,151,106,119,106,110,116,107,148,118,0,199,117,173,105,105,162,99,152,110,132,109,127,246,109,118,217,111,108,126,145,112,117,109,131,104,119,132,117,165,109,106,118,116,103,136,134,119,124,112,119,111,148,122,122,117,112,128,104,110,106,133,122,137,117,127,131,97,140,125,138,153,164,210,230,113,105,101,114,148,111,145,223,109,147,143,253,114,255,147,140,116,109,247,108,115,114,121,128,128,118,140,131,135,128,126,158,107,130,112,152,114,301,116,142,115,119,125,58,112,128,147,152,139,108,160,210,89,129
Whiskey_Nick,211,171,215,182,153,173,204,199,236,228,206,166,173,308,200,139,194,157,155,171,218,255,167,199,0,204,236,230,160,247,190,187,163,173,154,204,133,160,203,140,156,159,205,212,189,208,154,218,159,204,189,190,236,184,187,197,187,150,247,183,172,209,163,168,192,233,179,177,162,185,173,149,193,173,180,171,180,162,176,216,234,251,206,213,232,263,225,107,160,164,148,149,235,188,230,144,188,258,216,154,161,164,240,175,165,154,206,161,206,167,166,211,183,201,181,202,230,187,217,267,194,193,167,245,171,282,155,233,198,168,168,211,151,177,238,231,216,169,237,211,244,166
Arti,75,109,35,104,103,69,76,33,92,84,70,64,73,208,94,97,94,77,69,95,140,89,109,117,204,0,112,120,56,119,38,95,63,83,80,28,175,64,27,206,82,53,55,52,29,48,78,74,59,24,121,122,116,132,119,43,57,86,163,87,94,87,63,78,48,41,91,73,66,31,75,69,27,49,92,81,92,76,74,94,152,141,36,65,62,195,129,195,80,108,66,87,49,42,100,250,44,144,106,268,57,254,44,123,75,78,230,65,104,53,70,81,71,41,97,106,94,103,33,181,26,139,69,89,53,238,87,65,46,76,88,117,81,69,54,69,70,89,117,199,128,100
DankBombers,103,141,111,160,155,141,164,89,108,130,104,130,139,216,164,153,170,107,115,153,138,131,157,173,236,112,0,132,124,161,108,175,129,131,114,102,173,130,111,242,112,139,83,112,99,98,110,86,135,112,175,174,150,166,173,103,87,144,135,129,142,163,141,132,98,115,163,131,138,99,143,123,105,89,140,137,146,124,148,126,134,155,100,119,112,141,163,213,132,134,124,109,119,92,122,222,90,158,120,240,131,270,116,141,131,114,244,127,160,143,144,111,139,101,139,94,104,157,131,135,100,183,123,111,133,230,119,109,110,140,118,189,115,145,128,121,74,159,129,197,150,142
PrinceKaro,129,127,133,142,133,131,118,141,74,150,118,108,131,180,158,139,126,131,131,121,44,167,135,105,230,120,132,0,108,149,118,159,105,147,120,134,213,104,115,142,122,103,135,144,115,126,128,106,101,118,147,132,140,126,121,123,127,120,65,145,140,121,111,126,118,127,137,131,122,123,131,107,103,129,138,129,134,140,128,118,100,47,134,149,134,99,193,225,118,122,122,125,117,114,76,160,112,64,68,184,121,252,134,139,123,130,236,103,130,109,134,45,117,105,143,64,58,143,129,91,108,155,123,125,117,296,129,119,118,116,134,99,133,139,148,145,92,111,145,147,88,144
Huntail,93,57,71,66,63,39,82,71,94,106,92,14,37,214,62,69,62,25,27,51,128,129,57,105,160,56,124,108,0,115,64,71,11,53,26,62,199,14,61,212,30,19,71,92,63,66,24,96,15,62,93,94,110,86,83,67,69,44,149,41,58,73,27,30,64,87,55,27,34,57,41,23,55,69,44,37,52,42,44,76,148,137,66,83,96,173,149,183,30,54,26,31,93,52,102,244,56,142,98,248,27,242,88,81,29,26,214,11,102,25,40,73,33,57,57,92,82,67,77,163,50,91,25,115,19,252,35,91,80,40,44,113,27,49,84,105,82,45,105,195,128,52
Gall,90,146,114,137,130,104,147,128,123,155,109,111,124,213,145,146,167,130,124,142,171,150,148,162,247,119,161,149,115,0,109,146,110,124,115,123,218,111,118,259,117,108,124,137,126,103,127,113,112,127,154,155,89,147,150,130,118,145,160,134,155,140,114,109,93,96,128,104,129,134,128,118,114,114,117,112,119,129,139,59,167,162,129,122,79,202,150,208,95,145,115,114,94,113,137,255,119,157,135,265,130,257,105,138,116,121,189,110,135,120,139,114,118,120,120,107,131,126,120,182,117,170,112,122,124,267,108,100,113,125,121,154,112,110,143,144,121,124,56,242,161,127
Furious Fura,53,91,39,94,85,67,86,47,104,88,60,62,85,202,100,93,118,69,67,83,140,91,107,99,190,38,108,118,64,109,0,115,59,83,66,44,181,58,37,222,70,51,45,64,39,30,74,58,53,44,119,120,132,114,117,47,45,86,153,87,108,89,55,68,34,63,67,69,68,51,81,63,27,43,78,73,78,84,90,78,162,145,56,67,58,183,125,187,66,90,62,73,55,36,106,248,36,148,102,262,77,244,60,109,63,76,222,59,96,61,92,79,79,47,83,92,96,99,39,171,30,137,69,93,67,232,71,67,52,80,94,101,71,79,78,73,60,71,111,217,144,94
tazzyboyishere,128,112,106,65,110,80,115,110,127,133,137,73,78,209,53,86,107,92,92,110,153,152,106,152,187,95,175,159,71,146,115,0,74,88,85,107,236,69,90,239,87,76,130,113,104,117,91,143,74,103,120,121,129,131,118,116,124,95,184,86,99,132,84,87,113,124,62,80,75,98,72,80,106,118,79,92,91,67,79,121,163,178,103,114,135,198,210,230,77,113,81,94,126,107,127,271,109,171,119,303,72,283,117,114,82,85,271,72,151,62,71,128,66,108,94,147,139,114,110,208,105,86,76,148,62,269,94,144,113,83,91,150,90,78,73,120,135,90,162,214,167,77
Dragon66116,88,52,70,65,58,34,75,76,93,105,89,7,32,209,59,68,67,30,34,46,133,130,58,110,163,63,129,105,11,110,59,74,0,48,21,61,204,7,54,217,23,14,76,89,58,61,33,97,10,65,88,89,113,81,74,60,62,47,140,44,63,72,20,27,57,92,50,30,31,62,36,18,54,72,41,32,49,45,43,71,151,130,69,90,93,172,152,178,25,49,31,28,88,47,103,237,49,137,99,245,32,233,87,70,26,33,217,6,99,20,45,66,28,62,50,87,89,72,72,160,51,94,28,118,20,257,28,92,87,35,51,106,34,50,91,98,79,40,106,200,131,49
LadyVyxx,104,60,68,101,68,42,103,58,103,125,123,51,32,171,61,70,83,38,34,62,159,126,72,132,173,83,131,147,53,124,83,88,48,0,33,67,232,49,80,239,33,50,72,69,68,69,37,123,48,81,52,53,129,63,66,74,66,69,132,46,55,102,54,35,91,108,70,48,37,72,48,44,88,88,33,44,65,35,61,93,149,158,71,120,95,174,168,182,57,59,63,36,96,71,119,213,67,149,125,263,40,243,99,50,40,41,225,48,125,48,47,110,48,98,42,105,123,74,84,156,85,108,54,142,46,245,40,124,103,71,55,128,50,56,111,96,97,74,112,202,137,77
tennisboy213,95,33,65,72,51,37,96,61,96,108,102,20,33,198,54,63,84,15,17,45,140,127,55,109,154,80,114,120,26,115,66,85,21,33,0,62,207,24,67,232,4,29,59,84,57,56,16,106,27,82,77,78,126,70,67,61,43,46,123,41,44,87,37,22,62,109,57,31,30,61,31,17,69,65,36,29,52,24,54,66,148,149,66,93,100,155,151,161,28,32,40,11,105,42,108,222,50,142,116,248,31,236,106,55,21,12,218,21,108,35,42,83,39,73,47,78,106,67,89,153,68,83,23,125,37,238,21,109,94,42,30,117,25,59,104,103,80,55,111,199,130,58
mcflubbin,81,89,33,122,103,67,80,21,98,78,82,64,57,192,70,89,104,67,63,79,146,83,93,127,204,28,102,134,62,123,44,107,61,67,62,0,189,64,27,222,64,67,35,40,23,46,68,86,69,36,101,102,124,110,95,33,39,88,149,83,80,91,73,58,50,53,103,77,54,21,57,63,39,43,84,61,92,62,74,92,148,147,18,75,60,173,133,191,82,94,84,71,55,24,104,234,30,144,120,262,53,254,48,99,53,66,234,67,116,61,64,95,67,49,99,100,110,111,41,175,40,129,77,109,53,218,73,77,62,88,82,127,67,87,56,71,54,97,119,191,110,102
Xeybozn,172,238,188,231,240,210,237,194,189,227,197,203,230,303,253,242,249,214,214,244,229,208,250,246,133,175,173,213,199,218,181,236,204,232,207,189,0,205,176,129,211,206,194,201,188,183,215,159,204,187,262,263,227,257,260,192,184,235,230,208,243,236,214,221,163,186,234,206,225,190,218,212,178,182,219,226,201,225,233,207,237,230,191,176,185,248,180,110,193,239,201,210,194,177,187,139,183,219,197,133,216,167,191,250,218,209,217,204,231,212,225,180,222,178,222,185,195,232,198,246,173,260,196,168,210,235,212,180,185,217,213,258,208,212,213,186,163,232,228,238,229,213
TAFKAHurricane,87,51,65,66,59,37,74,71,98,108,92,10,31,210,58,65,66,33,33,45,128,127,57,109,160,64,130,104,14,111,58,69,7,49,24,64,205,0,47,212,24,13,75,88,59,62,32,96,11,64,85,86,112,80,75,59,61,48,147,47,66,75,21,30,58,89,49,29,28,61,35,19,53,65,38,29,42,40,48,66,152,129,66,91,90,177,151,177,28,50,32,27,83,50,100,240,50,138,94,248,35,238,86,69,23,34,218,7,98,17,44,65,27,61,51,88,90,69,71,157,50,93,25,119,15,256,31,89,86,34,48,109,33,51,88,97,74,37,111,197,128,56
Hbthebattle,64,92,26,109,100,64,67,38,95,87,71,53,62,197,83,92,97,80,80,92,137,82,100,118,203,27,111,115,61,118,37,90,54,80,67,27,176,47,0,205,67,56,56,43,22,39,79,73,54,27,112,113,115,123,102,34,40,91,156,82,93,82,64,73,29,52,92,76,55,28,54,62,32,44,73,72,77,67,75,77,145,132,27,62,57,188,134,192,61,95,73,74,46,29,87,237,33,125,105,263,62,243,51,110,64,77,233,54,107,44,63,76,52,32,94,97,99,112,32,170,29,126,68,96,46,235,78,68,47,77,91,112,80,78,51,52,57,80,126,196,115,89
NowItsAngeTime,231,225,217,262,227,219,184,221,160,264,228,214,221,290,244,205,192,227,229,219,154,253,225,217,140,206,242,142,212,259,222,239,217,239,232,222,129,212,205,0,230,213,241,240,207,232,228,202,209,208,237,238,230,250,227,221,235,194,193,241,224,199,219,234,230,207,249,231,206,211,219,215,211,221,234,239,240,214,224,220,208,171,214,253,218,217,235,141,228,228,218,233,209,226,152,74,220,156,166,104,209,158,212,253,221,234,202,211,218,197,212,155,213,219,251,170,160,241,213,203,206,253,227,223,205,308,233,215,204,228,248,217,229,227,240,245,200,197,245,165,188,242
pirate109,95,31,65,76,53,37,94,57,98,110,102,18,31,196,54,65,80,13,21,45,138,123,53,111,156,82,112,122,30,117,70,87,23,33,4,64,211,24,67,230,0,33,59,84,55,54,18,102,29,82,79,80,126,72,69,61,39,46,127,43,42,87,35,22,62,107,59,33,30,65,31,15,67,61,38,29,54,22,58,64,148,149,62,95,100,153,153,165,32,30,38,9,105,46,108,220,50,142,116,248,31,238,104,55,21,16,218,19,106,35,40,85,37,75,47,76,106,65,91,151,64,85,21,127,37,238,19,107,96,42,32,119,29,61,104,101,82,57,109,201,130,58
t_kizzle,88,62,64,63,58,34,77,76,105,105,91,15,40,207,59,68,73,40,28,44,131,128,66,108,159,53,139,103,19,108,51,76,14,50,29,67,206,13,56,213,33,0,76,81,58,61,37,95,10,63,86,87,119,81,84,66,70,43,152,54,73,78,12,27,63,84,40,40,29,66,40,18,44,70,49,32,39,49,45,75,161,130,77,94,91,184,148,182,29,57,29,34,80,55,107,247,59,143,97,255,32,243,89,74,24,39,223,14,89,18,45,62,36,62,52,87,91,66,64,170,49,96,32,120,28,263,38,92,85,31,53,108,42,50,97,104,85,38,112,206,137,59
Z1mZum,72,82,36,115,98,84,105,24,109,77,77,75,74,203,93,106,119,58,56,84,149,86,98,126,205,55,83,135,71,124,45,130,76,72,59,35,194,75,56,241,59,76,0,63,44,31,61,79,80,55,118,119,137,111,116,52,32,89,140,86,87,104,76,61,57,72,102,68,75,46,82,68,44,42,85,72,97,67,97,81,157,158,35,76,69,166,120,180,81,81,77,60,74,33,125,235,37,151,123,261,70,255,63,86,60,59,215,72,113,82,85,106,74,50,86,95,107,98,62,154,43,130,70,112,80,205,68,82,77,93,67,136,68,100,75,74,61,102,110,212,143,101
Jdsmart,81,115,49,140,117,87,104,47,130,96,98,84,73,182,92,107,128,97,89,101,144,89,115,145,212,52,112,144,92,137,64,113,89,69,84,40,201,88,43,240,84,81,63,0,37,60,94,102,87,54,105,106,134,116,119,51,59,100,151,99,106,109,91,74,62,79,117,109,74,41,67,77,51,65,88,83,96,78,80,104,150,155,44,91,78,187,151,207,92,112,102,89,71,42,120,232,48,150,126,278,73,262,76,107,75,94,260,85,132,79,70,111,83,57,101,114,132,127,57,171,56,143,101,123,85,236,91,99,76,90,102,135,101,109,78,65,70,109,145,199,136,112
Glenn_and_Toad,64,86,38,109,88,66,73,28,99,71,73,57,50,191,75,82,99,64,70,78,131,86,92,112,189,29,99,115,63,126,39,104,58,68,57,23,188,59,22,207,55,58,44,37,0,43,67,73,56,29,110,111,125,119,100,24,30,71,148,90,81,80,62,59,41,54,92,84,39,18,48,40,28,32,83,68,95,59,67,85,147,136,21,72,61,174,138,182,73,79,73,58,52,19,103,221,21,137,111,259,40,247,57,110,58,69,237,52,109,44,59,80,58,44,102,77,101,118,36,170,27,128,74,102,56,229,62,70,49,67,85,112,70,80,63,64,53,82,128,186,117,101
Lightning Strikes,57,83,23,112,95,65,98,35,100,86,72,56,75,198,96,113,112,63,65,89,148,85,97,117,208,48,98,126,66,103,30,117,61,69,56,46,183,62,39,232,54,61,31,60,43,0,70,68,67,52,115,116,128,108,113,51,23,96,141,77,92,91,59,52,36,69,77,67,82,53,83,67,31,51,70,67,82,70,98,64,152,155,42,63,60,173,113,181,62,76,70,61,67,30,114,228,36,144,114,260,79,240,56,89,63,64,208,55,102,71,90,91,65,43,71,94,102,79,47,159,34,133,53,93,71,214,69,77,66,86,80,117,81,83,74,69,68,85,95,221,150,90
Cavedweller2000,107,45,75,78,61,49,98,59,94,106,100,34,41,204,68,63,76,11,9,51,142,133,57,109,154,78,110,128,24,127,74,91,33,37,16,68,215,32,79,228,18,37,61,94,67,70,0,100,33,76,85,86,124,80,75,65,55,44,133,43,48,91,47,36,76,109,67,29,34,61,47,27,75,63,44,39,58,28,60,78,154,157,70,95,106,155,153,167,44,42,38,17,109,58,108,232,56,154,112,252,35,238,104,69,31,16,214,31,112,47,40,91,53,75,55,88,100,61,93,157,64,87,27,121,39,240,29,105,94,52,30,123,21,55,102,117,84,59,103,199,128,64
linkhatesganon,69,127,77,124,105,109,116,79,84,96,60,94,117,216,144,125,136,99,103,129,118,107,129,131,218,74,86,106,96,113,58,143,97,123,106,86,159,96,73,202,102,95,79,102,73,68,100,0,91,62,163,164,110,158,153,75,69,116,139,113,132,115,93,112,64,73,117,91,106,85,117,97,65,73,108,119,120,112,118,94,140,125,76,81,78,157,121,205,98,126,80,105,75,72,88,224,66,130,84,240,101,254,80,137,109,110,216,93,124,101,114,67,109,79,121,76,74,129,75,151,48,155,97,69,103,232,101,51,64,108,118,121,107,103,98,103,48,101,101,207,118,110
Camden,86,54,72,63,56,36,71,80,99,105,91,13,34,205,63,68,67,32,34,48,129,132,60,104,159,59,135,101,15,112,53,74,10,48,27,69,204,11,54,209,29,10,80,87,56,67,33,91,0,55,86,87,111,83,76,60,68,39,146,44,69,72,18,31,59,88,46,30,23,64,38,16,50,66,41,34,47,49,41,75,157,126,75,92,91,178,156,178,27,55,27,32,78,53,99,245,51,137,91,253,30,239,91,78,24,37,219,12,93,16,39,62,34,60,52,85,83,70,68,164,43,92,32,116,24,261,30,86,81,31,53,102,36,44,93,100,77,34,112,204,127,55
Keltiq,73,109,41,110,103,75,74,41,94,72,62,66,69,200,102,97,82,79,79,101,140,93,103,119,204,24,112,118,62,127,44,103,65,81,82,36,187,64,27,208,82,63,55,54,29,52,76,62,55,0,121,122,102,134,111,39,53,88,163,79,96,81,69,82,48,55,99,73,62,35,77,69,35,51,82,87,98,76,68,90,144,133,34,65,62,179,131,197,78,108,68,85,39,40,98,244,36,138,94,268,57,244,52,119,79,84,216,65,112,55,68,83,63,39,95,106,84,109,31,177,18,137,77,97,53,236,81,59,46,86,86,107,83,71,46,63,64,81,117,203,120,96
cloelea,138,78,106,133,88,74,121,104,151,165,163,87,68,167,95,84,91,86,78,76,157,162,80,132,189,121,175,147,93,154,119,120,88,52,77,101,262,85,112,237,79,86,118,105,110,115,85,163,86,121,0,17,165,29,30,114,110,91,130,90,73,126,92,71,125,144,110,94,73,108,82,86,128,120,77,78,97,77,99,135,143,148,107,154,127,174,212,222,89,85,97,80,134,107,151,219,109,143,163,259,80,265,137,60,72,79,253,90,141,84,79,144,84,134,82,143,165,88,124,140,125,108,96,182,84,285,76,166,143,107,81,126,84,90,145,130,131,98,160,206,131,111
puseecat692,139,79,107,134,89,75,122,105,152,166,164,88,69,152,96,85,92,87,79,77,142,163,81,117,190,122,174,132,94,155,120,121,89,53,78,102,263,86,113,238,80,87,119,106,111,116,86,164,87,122,17,0,166,12,15,115,111,92,115,91,74,127,93,72,126,145,111,95,74,109,83,87,129,121,78,79,98,78,100,136,128,133,108,155,128,159,213,223,90,86,98,81,135,108,152,204,110,144,164,260,81,266,138,77,73,80,254,91,142,85,80,145,85,135,83,144,166,89,125,157,126,109,97,183,85,286,77,167,144,108,82,111,85,91,146,131,132,99,161,207,116,112
captaincanadian,121,153,125,156,143,127,138,129,118,156,104,110,125,216,152,153,132,127,127,149,142,155,139,165,236,116,150,140,110,89,132,129,113,129,126,124,227,112,115,230,126,119,137,134,125,128,124,110,111,102,165,166,0,170,163,115,129,136,155,119,148,125,125,126,124,111,155,113,126,115,133,125,121,131,102,127,132,120,128,70,142,145,122,127,110,179,167,223,126,156,124,133,95,116,112,256,114,158,86,272,125,248,108,145,123,128,188,113,162,119,112,107,115,115,121,130,106,153,127,171,110,169,121,133,113,276,129,89,100,132,130,147,131,133,128,133,112,129,85,201,144,110
princeton_boy,131,73,117,124,81,85,134,115,162,158,156,80,79,162,104,93,104,81,75,71,134,171,75,109,184,132,166,126,86,147,114,131,81,63,70,110,257,80,123,250,72,81,111,116,119,108,80,158,83,134,29,12,170,0,27,119,103,88,109,93,82,129,85,64,118,155,105,89,84,119,91,79,123,115,80,73,92,88,110,130,136,135,116,145,140,153,207,219,82,78,92,73,147,100,164,212,104,152,160,252,89,268,150,71,69,74,248,83,134,95,92,139,93,129,77,136,160,85,135,147,122,103,91,179,95,278,71,161,154,102,76,115,79,101,156,139,128,93,155,217,128,104
demphra,144,68,104,123,78,72,107,102,137,151,149,77,58,165,93,70,81,76,76,74,139,160,70,106,187,119,173,121,83,150,117,118,74,66,67,95,260,75,102,227,69,84,116,119,100,113,75,153,76,111,30,15,163,27,0,104,100,81,116,88,63,116,90,69,115,142,108,84,63,98,72,76,126,110,83,76,103,67,85,125,125,128,97,144,125,152,210,212,79,75,87,70,132,97,141,207,99,133,161,255,70,259,131,86,70,69,247,80,139,74,69,134,74,124,96,133,155,86,120,162,115,98,86,170,74,287,66,156,133,97,71,96,74,80,135,136,121,88,154,204,103,105
PSI_NESS,78,88,50,113,94,76,89,40,105,73,77,61,62,201,91,98,105,66,66,80,143,102,94,118,197,43,103,123,67,130,47,116,60,74,61,33,192,59,34,221,61,66,52,51,24,51,65,75,60,39,114,115,115,119,104,0,34,79,148,88,95,66,74,67,45,74,102,78,59,28,68,56,42,44,79,60,91,71,85,89,157,130,33,76,71,176,138,180,79,87,83,66,64,23,111,235,17,149,113,263,64,245,67,104,60,71,229,60,109,66,69,86,74,48,100,93,107,118,50,174,33,128,80,94,64,231,64,68,67,71,85,112,70,92,69,82,49,82,122,196,125,105
XIII_rocks,68,70,38,113,80,74,99,32,103,73,71,57,64,195,93,100,109,52,58,84,139,94,80,116,187,57,87,127,69,118,45,124,62,66,43,39,184,61,40,235,39,70,32,59,30,23,55,69,68,53,110,111,129,103,100,34,0,83,134,82,81,90,64,55,35,78,92,72,67,38,70,54,42,34,77,64,91,61,93,71,151,150,33,66,75,154,122,170,69,69,77,46,80,21,109,225,23,143,123,247,70,241,77,82,60,51,213,58,109,74,77,90,74,46,80,83,113,96,62,150,39,122,58,96,76,209,58,74,67,77,69,120,68,90,79,70,55,94,104,208,133,93
BK_Sheikah00,117,55,103,94,41,67,68,89,130,114,114,44,49,204,78,41,56,41,43,45,122,143,45,103,150,86,144,120,44,145,86,95,47,69,46,88,235,48,91,194,46,43,89,100,71,96,44,116,39,88,91,92,136,88,81,79,83,0,149,79,62,71,47,46,94,107,79,65,40,73,51,31,77,73,78,53,82,48,64,102,158,145,82,119,124,173,183,197,62,54,50,49,117,72,120,242,72,140,114,256,41,254,114,81,41,44,218,43,90,47,44,97,61,83,85,100,112,77,101,173,70,87,59,135,57,274,47,109,106,54,68,121,47,73,120,129,98,33,135,195,130,78
ZaziGuado,144,126,150,177,148,152,157,148,83,187,159,143,152,169,175,156,169,134,136,140,79,190,146,136,247,163,135,65,149,160,153,184,140,132,123,149,230,147,156,193,127,152,140,151,148,141,133,139,146,163,130,115,155,109,116,148,134,149,0,146,139,158,160,141,149,176,180,138,149,148,154,140,156,152,135,152,163,143,161,137,111,92,151,172,155,82,214,216,141,129,153,130,164,129,109,143,133,97,99,189,150,251,155,132,138,133,249,144,165,158,151,94,156,156,124,83,97,146,168,78,151,166,138,148,160,279,132,158,163,153,133,134,140,162,189,160,111,154,156,162,111,153
linid0t,108,68,76,93,86,50,103,80,101,137,117,43,58,211,85,88,87,42,46,82,161,142,82,134,183,87,129,145,41,134,87,86,44,46,41,83,208,47,82,241,43,54,86,99,90,77,43,113,44,79,90,91,119,93,88,88,82,79,146,0,63,98,60,57,85,116,82,36,57,88,60,58,90,98,35,66,67,49,69,87,155,154,85,106,107,168,164,194,49,73,51,50,110,79,115,243,81,151,119,267,52,235,107,82,56,45,223,46,125,52,59,106,52,92,54,119,113,74,98,174,75,112,40,142,44,247,52,120,105,75,57,122,54,58,105,106,109,72,118,220,147,65
KinjiMuto_3,131,23,85,112,71,61,98,67,114,140,132,58,51,196,78,61,62,41,49,37,148,137,33,119,172,94,142,140,58,155,108,99,63,55,44,80,243,66,93,224,42,73,87,106,81,92,48,132,69,96,73,74,148,82,63,95,81,62,139,63,0,103,75,58,104,119,101,61,54,81,55,57,105,95,68,71,96,36,74,102,138,157,76,121,120,161,181,201,68,24,62,51,127,82,124,218,88,144,146,260,43,240,118,77,61,42,230,61,126,59,52,123,59,109,83,118,132,71,113,169,94,65,55,161,55,268,55,141,114,82,60,123,57,73,114,121,118,79,135,185,124,84
MZero11,118,94,86,123,84,84,35,100,119,133,119,69,86,213,111,98,81,90,94,86,141,154,98,124,209,87,163,121,73,140,89,132,72,102,87,91,236,75,82,199,87,78,104,109,80,91,91,115,72,81,126,127,125,129,116,66,90,71,158,98,103,0,80,87,93,116,116,88,79,86,90,80,84,102,89,90,103,97,97,99,157,120,89,116,109,182,176,208,91,95,93,88,110,81,121,245,81,131,129,259,84,237,109,118,82,99,207,68,57,74,91,100,82,92,110,117,119,110,88,170,77,140,90,138,80,289,88,108,105,89,111,106,96,106,115,118,107,64,132,208,133,111
Menji,86,64,72,71,58,36,81,80,111,109,95,19,42,203,63,76,73,38,40,50,131,120,62,112,163,63,141,111,27,114,55,84,20,54,37,73,214,21,64,219,35,12,76,91,62,59,47,93,18,69,92,93,125,85,90,74,64,47,160,60,75,80,0,25,67,84,44,46,33,76,44,22,50,74,57,32,51,57,51,83,159,132,77,98,97,182,152,192,35,57,35,38,88,63,107,245,63,143,103,251,36,249,87,74,30,45,221,18,91,24,51,72,36,70,50,91,93,68,70,166,55,104,34,130,32,265,40,90,91,35,65,112,50,48,107,98,93,42,108,216,141,59
Luster Soldier,97,51,69,86,55,39,98,67,118,104,112,22,23,188,46,73,80,29,31,39,142,119,47,119,168,78,132,126,30,109,68,87,27,35,22,58,221,30,73,234,22,27,61,74,59,52,36,112,31,82,71,72,126,64,69,67,55,46,141,57,58,87,25,0,76,99,53,47,30,65,33,19,63,73,52,17,56,38,54,80,154,151,60,103,96,173,159,179,38,46,46,27,97,44,120,232,52,150,114,258,29,258,90,59,13,30,226,23,110,37,38,89,35,73,55,88,104,61,83,167,66,91,37,133,39,246,27,109,106,44,46,127,39,59,104,107,80,53,113,205,134,66
azuarc,47,93,47,98,97,57,96,55,106,88,68,56,85,200,106,99,118,75,79,99,144,89,107,111,192,48,98,118,64,93,34,113,57,91,62,50,163,58,29,230,62,63,57,62,41,36,76,64,59,48,125,126,124,118,115,45,35,94,149,85,104,93,67,76,0,77,89,75,80,51,77,65,37,31,80,79,80,82,94,76,142,149,52,49,58,173,133,183,40,92,64,63,71,32,102,236,34,130,114,244,81,242,78,111,75,74,218,57,90,69,86,83,75,37,85,78,104,101,57,163,34,127,67,93,71,226,57,71,62,82,86,115,63,71,68,67,66,83,109,219,136,86
Ranticoot,58,132,58,141,134,94,97,54,105,111,69,91,88,201,111,122,117,102,100,118,139,90,124,148,233,41,115,127,87,96,63,124,92,108,109,53,186,89,52,207,107,84,72,79,54,69,109,73,88,55,144,145,111,155,142,74,78,107,176,116,119,116,84,99,77,0,116,104,87,60,90,94,52,70,117,100,117,99,105,85,159,140,55,98,35,196,106,216,109,133,93,112,26,71,97,249,73,139,105,269,84,253,37,144,96,101,225,90,129,74,99,88,88,66,126,107,101,134,60,180,53,168,102,98,78,237,112,46,45,109,129,148,104,102,81,88,73,116,92,202,131,127
transience,112,90,96,37,74,62,115,102,131,111,113,53,70,199,47,88,103,64,60,82,165,148,98,122,179,91,163,137,55,128,67,62,50,70,57,103,234,49,92,249,59,40,102,117,92,77,67,117,46,99,110,111,155,105,108,102,92,79,180,82,101,116,44,53,89,116,0,68,67,104,76,52,78,98,75,58,69,77,81,103,183,168,109,104,119,186,178,212,57,79,51,62,114,91,135,269,93,165,129,283,68,271,117,94,60,63,243,48,119,54,85,102,68,94,76,113,121,86,100,192,85,78,56,142,58,253,66,124,103,69,83,126,70,70,85,130,123,70,132,240,171,87
Paratroopa1,96,54,68,67,60,48,93,70,87,115,99,33,48,219,77,78,81,28,32,64,151,136,68,122,177,73,131,131,27,104,69,80,30,48,31,77,206,29,76,231,33,40,68,109,84,67,29,91,30,73,94,95,113,89,84,78,72,65,138,36,61,88,46,47,75,104,68,0,47,82,58,44,76,80,29,48,55,43,63,73,161,150,79,84,97,174,142,172,39,59,37,36,100,69,109,245,67,153,109,261,46,243,89,68,42,35,203,32,107,42,57,92,46,82,48,105,99,56,86,160,61,94,22,118,34,251,38,94,99,49,39,112,34,44,99,102,91,46,96,218,141,55
AxemRedRanger,97,51,67,80,59,35,68,63,102,110,110,30,19,192,42,51,70,33,37,43,134,121,57,117,162,66,138,122,34,129,68,75,31,37,30,54,225,28,55,206,30,29,75,74,39,82,34,106,23,62,73,74,126,84,63,59,67,40,149,57,54,79,33,30,80,87,67,47,0,51,17,15,67,63,48,39,62,30,38,88,154,135,56,111,88,177,173,181,46,54,46,29,81,56,100,228,56,142,110,262,13,250,88,81,21,42,240,27,110,13,24,83,31,81,73,84,104,85,67,171,62,97,47,137,27,264,31,101,86,38,56,115,35,47,98,97,78,49,131,191,114,74
plasmabeam,80,94,40,111,98,74,77,28,101,79,69,65,54,201,81,78,99,64,62,86,131,88,86,112,185,31,99,123,57,134,51,98,62,72,61,21,190,61,28,211,65,66,46,41,18,53,61,85,64,35,108,109,115,119,98,28,38,73,148,88,81,86,76,65,51,60,104,82,51,0,60,58,36,32,87,70,99,55,67,93,137,144,27,74,65,180,136,182,81,89,79,64,62,23,99,231,27,141,107,255,52,253,61,114,62,63,239,62,113,58,49,88,68,38,108,95,107,118,50,172,39,118,76,94,56,229,70,82,43,75,81,122,66,86,57,72,47,96,128,178,119,99
BetrayedTangy,102,56,72,91,70,40,83,68,111,119,121,31,24,189,43,62,79,42,48,52,143,118,62,128,173,75,143,131,41,128,81,72,36,48,31,57,218,35,54,219,31,40,82,67,48,83,47,117,38,77,82,83,133,91,72,68,70,51,154,60,55,90,44,33,77,90,76,58,17,60,0,24,76,76,55,42,63,31,49,89,155,146,57,108,99,182,178,192,43,59,55,38,96,57,99,231,65,133,119,269,22,255,97,82,28,43,249,32,123,22,29,94,32,80,78,93,117,94,80,178,75,98,50,140,32,267,40,112,97,49,61,124,44,62,101,94,91,62,140,196,117,71
OrangeCrush980,88,46,78,69,48,42,81,68,107,95,97,17,26,199,51,58,75,24,30,38,123,126,52,104,149,69,123,107,23,118,63,80,18,44,17,63,212,19,62,215,15,18,68,77,40,67,27,97,16,69,86,87,125,79,76,56,54,31,140,58,57,80,22,19,65,94,52,44,15,58,24,0,52,56,51,28,55,35,43,77,155,136,61,96,101,166,162,174,33,39,33,18,92,43,111,229,45,145,103,251,16,247,97,70,18,29,229,12,101,20,35,72,34,68,62,69,93,78,76,162,51,88,34,126,32,253,22,94,89,27,45,112,30,56,103,104,77,42,120,194,125,61
Seanchan,60,98,40,91,100,70,71,42,105,77,59,53,76,209,95,102,103,72,68,82,125,86,100,110,193,27,105,103,55,114,27,106,54,88,69,39,178,53,32,211,67,44,44,51,28,31,75,65,50,35,128,129,121,123,126,42,42,77,156,90,105,84,50,63,37,52,78,76,67,36,76,52,0,38,87,70,79,81,71,79,159,138,45,62,63,182,120,190,69,91,63,70,54,31,107,247,31,143,97,251,64,251,55,110,60,75,223,48,81,54,77,74,70,26,88,89,93,100,40,170,17,132,64,88,62,233,74,62,49,63,89,112,78,86,69,70,59,78,112,206,139,91
JONALEON1,52,88,52,103,92,74,91,36,119,81,65,71,74,207,101,78,119,62,66,90,129,96,90,106,173,49,89,129,69,114,43,118,72,88,65,43,182,65,44,221,61,70,42,65,32,51,63,73,66,51,120,121,131,115,110,44,34,73,152,98,95,102,74,73,31,70,98,80,63,32,76,56,38,0,93,76,93,65,91,87,141,150,43,64,61,170,138,178,65,87,61,54,74,35,107,237,35,153,107,243,68,263,79,110,66,67,235,68,91,70,71,90,88,48,104,69,107,108,64,166,35,116,74,96,76,227,52,76,57,79,79,126,50,80,79,82,57,94,118,202,135,95
gamer man,91,61,67,88,75,45,100,79,102,130,112,40,53,200,76,81,90,47,49,73,154,137,81,133,180,92,140,138,44,117,78,79,41,33,36,84,219,38,73,234,38,49,85,88,83,70,44,108,41,82,77,78,102,80,83,79,77,78,135,35,68,89,57,52,80,117,75,29,48,87,55,51,87,93,0,55,52,42,68,76,154,145,84,99,98,177,159,189,44,66,56,43,101,74,112,228,76,150,114,268,55,234,104,57,47,48,220,39,122,43,60,103,43,89,41,112,116,75,87,157,78,105,41,135,43,256,49,115,102,66,58,103,53,63,106,91,102,53,113,215,146,58
spooky96,108,58,78,85,62,50,103,74,123,107,115,31,28,197,53,78,87,38,36,48,147,126,56,122,171,81,137,129,37,112,73,92,32,44,29,61,226,29,72,239,29,32,72,83,68,67,39,119,34,87,78,79,127,73,76,60,64,53,152,66,71,90,32,17,79,100,58,48,39,70,42,28,70,76,55,0,45,47,63,89,161,146,67,108,107,180,166,188,49,55,57,36,100,55,121,245,59,151,117,263,44,263,97,60,20,33,231,32,109,44,49,92,40,74,58,97,111,72,88,166,75,94,44,128,38,249,40,102,109,45,53,130,42,68,103,112,85,56,120,200,131,73
SSBM_Guy,105,81,79,84,85,57,112,97,124,132,110,46,67,198,82,93,104,67,55,75,156,133,93,137,180,92,146,134,52,119,78,91,49,65,52,92,201,42,77,240,54,39,97,96,95,82,58,120,47,98,97,98,132,92,103,91,91,82,163,67,96,103,51,56,80,117,69,55,62,99,63,55,79,93,52,45,0,66,80,92,174,133,102,97,112,195,171,207,48,82,60,57,111,86,106,258,90,156,122,254,71,240,114,73,49,62,238,47,106,53,70,101,61,81,57,116,124,83,95,175,86,99,53,133,57,272,65,117,110,60,70,129,63,77,120,93,114,67,129,223,154,54
Polycosm,107,49,57,92,69,41,90,45,98,116,106,38,29,198,54,45,74,27,29,59,138,111,57,117,162,76,124,140,42,129,84,67,45,35,24,62,225,40,67,214,22,49,67,78,59,70,28,112,49,76,77,78,120,88,67,71,61,48,143,49,36,97,57,38,82,99,77,43,30,55,31,35,81,65,42,47,66,0,50,70,138,159,54,103,94,169,163,179,48,50,44,29,101,62,96,220,68,148,114,266,27,246,94,67,35,26,232,39,122,33,26,103,35,83,65,96,116,71,85,169,74,89,35,131,33,248,37,119,86,60,40,125,37,57,90,99,92,65,117,189,126,64
Wibo,117,85,85,84,73,59,80,85,112,114,106,50,43,210,74,63,80,61,61,79,124,121,81,127,176,74,148,128,44,139,90,79,43,61,54,74,233,48,75,224,58,45,97,80,67,98,60,118,41,68,99,100,128,110,85,85,93,64,161,69,74,97,51,54,94,105,81,63,38,67,49,43,71,91,68,63,80,50,0,104,136,149,78,113,110,189,179,203,58,82,56,59,99,76,114,248,78,150,120,262,31,254,102,93,55,60,242,47,118,35,40,99,49,83,81,112,110,99,79,165,76,111,63,143,41,276,59,119,84,36,68,117,63,57,104,107,98,67,135,195,132,72
COVlD-19,69,91,67,122,111,83,104,79,96,130,80,64,87,208,112,115,124,77,79,101,136,121,111,131,216,94,126,118,76,59,78,121,71,93,66,92,207,66,77,220,64,75,81,104,85,64,78,94,75,90,135,136,70,130,125,89,71,102,137,87,102,99,83,80,76,85,103,73,88,93,89,77,79,87,76,89,92,70,104,0,152,145,84,105,72,167,129,173,74,92,78,71,79,72,102,230,78,142,104,256,89,216,76,109,77,76,166,65,120,75,96,81,77,85,91,90,102,101,95,155,72,143,65,121,79,246,79,85,76,94,86,127,87,103,108,109,86,91,55,211,140,102
ChichiriMuyo,145,151,149,180,161,137,152,145,130,194,150,150,151,182,176,143,148,149,157,161,76,161,149,97,234,152,134,100,148,167,162,163,151,149,148,148,237,152,145,208,148,161,157,150,147,152,154,140,157,144,143,128,142,136,125,157,151,158,111,155,138,157,159,154,142,159,183,161,154,137,155,155,159,141,154,161,174,138,136,152,0,115,142,167,140,127,223,249,138,148,148,149,153,146,126,188,150,118,120,220,145,274,158,157,159,152,268,151,164,151,142,133,139,151,161,118,130,161,159,123,156,169,153,155,141,306,139,163,136,154,152,107,141,145,162,157,128,161,167,169,72,148
pronouncemyname,148,152,148,165,152,152,133,158,101,177,145,133,142,191,171,160,143,156,158,146,67,190,150,140,251,141,155,47,137,162,145,178,130,158,149,147,230,129,132,171,149,130,158,155,136,155,157,125,126,133,148,133,145,135,128,130,150,145,92,154,157,120,132,151,149,140,168,150,135,144,146,136,138,150,145,146,133,159,149,145,115,0,153,174,149,116,206,254,149,151,147,150,134,143,93,173,145,91,91,185,142,249,155,156,146,157,269,132,157,126,153,70,136,142,166,93,93,168,142,114,135,176,150,152,136,313,154,128,143,141,163,120,160,160,165,158,119,138,170,164,97,155
handsomeboy2012,75,85,33,126,95,75,82,23,102,74,82,62,51,196,78,91,96,67,73,85,140,81,85,125,206,36,100,134,66,129,56,103,69,71,66,18,191,66,27,214,62,77,35,44,21,42,70,76,75,34,107,108,122,116,97,33,33,82,151,85,76,89,77,60,52,55,109,79,56,27,57,61,45,43,84,67,102,54,78,84,142,153,0,73,66,175,139,191,80,90,76,71,63,24,106,228,28,142,116,260,47,256,48,103,61,64,230,65,122,61,58,97,55,45,101,96,104,109,43,167,32,129,75,105,55,214,69,69,62,88,78,127,71,83,54,63,54,93,123,191,114,102
SeabassDebeste,84,126,74,97,108,98,125,72,125,81,79,89,114,209,123,120,133,96,98,130,165,110,124,138,213,65,119,149,83,122,67,114,90,120,93,75,176,91,62,253,95,94,76,91,72,63,95,81,92,65,154,155,127,145,144,76,66,119,172,106,121,116,98,103,49,98,104,84,111,74,108,96,62,64,99,108,97,103,113,105,167,174,73,0,93,178,140,204,77,123,81,94,100,59,115,267,63,163,135,277,100,275,93,128,106,93,231,88,121,100,107,116,102,60,100,117,121,118,80,186,55,114,86,108,96,237,94,84,79,105,99,132,90,98,75,74,97,106,118,240,161,85
squexa,43,121,45,136,135,65,106,55,100,126,74,92,91,196,112,117,130,103,99,113,154,95,133,153,232,62,112,134,96,79,58,135,93,95,100,60,185,90,57,218,100,91,69,78,61,60,106,78,91,62,127,128,110,140,125,71,75,124,155,107,120,109,97,96,58,35,119,97,88,65,99,101,63,61,98,107,112,94,110,72,140,149,66,93,0,183,103,191,84,124,94,93,25,66,100,230,66,140,118,254,95,240,40,137,89,110,218,89,116,81,102,97,89,81,111,90,114,119,61,173,62,167,101,105,87,238,81,67,50,116,118,139,89,91,90,87,64,115,85,211,138,128
FFDragon,180,156,184,187,184,174,187,170,117,145,191,171,182,145,181,180,177,154,160,168,95,212,170,164,263,195,141,99,173,202,183,198,172,174,155,173,248,177,188,217,153,184,166,187,174,173,155,157,178,179,174,159,179,153,152,176,154,173,82,168,161,182,182,173,173,196,186,174,177,180,182,166,182,170,177,180,195,169,189,167,127,116,175,178,183,0,236,256,173,157,175,152,190,165,133,183,165,133,125,219,174,293,191,170,168,157,275,170,195,186,185,124,184,186,176,107,127,170,200,120,173,178,164,186,182,279,160,180,191,183,165,166,160,190,189,204,151,186,176,184,127,189
Big Bob,124,182,118,193,180,162,185,120,163,165,119,153,170,279,193,198,199,152,144,182,211,172,188,210,225,129,163,193,149,150,125,210,152,168,151,133,180,151,134,235,153,148,120,151,138,113,153,121,156,131,212,213,167,207,210,138,122,183,214,164,181,176,152,159,133,106,178,142,173,136,178,162,120,138,159,166,171,163,179,129,223,206,139,140,103,236,0,188,159,177,155,154,110,125,171,241,129,221,181,255,164,235,117,180,160,153,193,150,185,162,179,154,168,138,166,167,169,176,140,230,119,214,144,160,158,157,162,114,119,171,165,198,164,176,161,164,131,174,128,220,211,171
Agent M,192,190,186,209,198,186,213,180,191,227,203,181,184,251,215,204,233,168,166,198,247,236,206,230,107,195,213,225,183,208,187,230,178,182,161,191,110,177,192,141,165,182,180,207,182,181,167,205,178,197,222,223,223,219,212,180,170,197,216,194,201,208,192,179,183,216,212,172,181,182,192,174,190,178,189,188,207,179,203,173,249,254,191,204,191,256,188,0,177,189,183,158,204,167,213,125,165,249,215,155,184,149,197,208,176,171,185,178,217,190,191,188,196,200,190,179,207,200,206,254,183,234,172,222,192,235,162,210,199,185,169,232,170,188,227,222,177,204,204,240,237,213
yoblazer,71,59,71,64,61,23,94,85,104,118,98,24,49,202,72,65,88,43,45,65,144,125,71,113,160,80,132,118,30,95,66,77,25,57,28,82,193,28,61,228,32,29,81,92,73,62,44,98,27,78,89,90,126,82,79,79,69,62,141,49,68,91,35,38,40,109,57,39,46,81,43,33,69,65,44,49,48,48,58,74,138,149,80,77,84,173,159,177,0,58,26,31,101,58,102,234,64,132,112,244,43,246,104,75,39,40,220,25,88,35,50,83,37,69,51,76,100,67,83,167,64,89,35,125,41,262,21,109,92,48,50,111,29,37,104,95,96,49,109,219,142,48
Kotetsu534,113,11,91,100,61,65,102,83,120,134,128,48,57,198,80,73,74,35,45,21,136,149,35,105,164,108,134,122,54,145,90,113,49,59,32,94,239,50,95,228,30,57,81,112,79,76,42,126,55,108,85,86,156,78,75,87,69,54,129,73,24,95,57,46,92,133,79,59,54,89,59,39,91,87,66,55,82,50,82,92,148,151,90,123,124,157,177,189,58,0,62,33,131,74,138,214,76,148,138,250,55,228,122,67,47,44,228,43,114,59,70,111,63,103,77,98,126,65,113,151,90,65,45,153,59,268,45,133,118,66,60,119,53,83,134,131,108,61,135,193,136,86
DoctorJimmy133,81,65,75,56,55,41,86,73,106,112,82,28,49,216,80,53,74,33,37,67,136,129,69,101,148,66,124,122,26,115,62,81,31,63,40,84,201,32,73,218,38,29,77,102,73,70,38,80,27,68,97,98,124,92,87,83,77,50,153,51,62,93,35,46,64,93,51,37,46,79,55,33,63,61,56,57,60,44,56,78,148,147,76,81,94,175,155,183,26,62,0,35,101,70,106,240,72,148,102,252,35,252,98,85,45,38,220,29,90,33,48,81,45,73,61,84,90,63,85,171,50,93,33,123,37,264,31,99,78,48,50,107,33,41,98,105,100,53,103,217,146,52
Joelypoely,90,40,68,69,56,36,97,62,101,113,105,27,34,199,59,58,85,18,22,48,141,132,60,114,149,87,109,125,31,114,73,94,28,36,11,71,210,27,74,233,9,34,60,89,58,61,17,105,32,85,80,81,133,73,70,66,46,49,130,50,51,88,38,27,63,112,62,36,29,64,38,18,70,54,43,36,57,29,59,71,149,150,71,94,93,152,154,158,31,33,35,0,108,53,117,215,55,145,121,243,34,241,107,64,26,23,219,22,101,38,45,88,44,80,52,71,111,60,94,150,69,90,26,132,42,245,16,112,97,43,31,122,24,56,111,110,83,60,106,204,137,67
PumpkinCoach,60,128,54,137,130,90,97,60,103,109,63,91,90,191,113,120,119,110,104,114,145,92,132,148,235,49,119,117,93,94,55,126,88,96,105,55,194,83,46,209,105,80,74,71,52,67,109,75,78,39,134,135,95,147,132,64,80,117,164,110,127,110,88,97,71,26,114,100,81,62,96,92,54,74,101,100,111,101,99,79,153,134,63,100,25,190,110,204,101,131,101,108,0,63,101,245,59,137,95,275,88,243,39,134,90,115,215,88,131,74,97,84,84,68,116,105,91,134,48,176,51,166,108,104,80,239,104,54,45,109,121,134,110,102,79,86,59,102,96,206,127,129
foxhead84,61,75,39,106,81,71,90,35,106,66,68,46,55,198,80,93,110,57,59,71,134,93,77,111,188,42,92,114,52,113,36,107,47,71,42,24,177,50,29,226,46,55,33,42,19,30,58,72,53,40,107,108,116,100,97,23,21,72,129,79,82,81,63,44,32,71,91,69,56,23,57,43,31,35,74,55,86,62,76,72,146,143,24,59,66,165,125,167,58,74,70,53,63,0,110,228,8,144,106,250,53,246,64,93,47,54,224,47,110,61,64,77,61,35,85,80,96,105,47,163,26,113,65,95,63,212,51,71,64,68,68,115,59,89,62,69,38,77,117,193,124,88
paulg235,119,129,101,146,141,97,110,103,44,154,110,100,105,192,130,123,128,107,111,135,90,121,127,145,230,100,122,76,102,137,106,127,103,119,108,104,187,100,87,152,108,107,125,120,103,114,108,88,99,98,151,152,112,164,141,111,109,120,109,115,124,121,107,120,102,97,135,109,100,99,99,111,107,107,112,121,106,96,114,102,126,93,106,115,100,133,171,213,102,138,106,117,101,110,0,190,108,84,60,210,105,258,106,143,109,110,238,103,134,91,96,47,103,103,121,60,56,143,109,121,102,149,107,105,93,280,113,101,90,122,130,141,109,107,126,103,88,123,119,151,102,100
firefdr,225,225,229,280,247,229,242,221,168,278,258,238,225,254,250,231,246,225,235,235,170,263,243,223,144,250,222,160,244,255,248,271,237,213,222,234,139,240,237,74,220,247,235,232,221,228,232,224,245,244,219,204,256,212,207,235,225,242,143,243,218,245,245,232,236,249,269,245,228,231,231,229,247,237,228,245,258,220,248,230,188,173,228,267,230,183,241,125,234,214,240,215,245,228,190,0,226,186,204,94,225,152,238,227,237,234,220,233,256,233,240,189,233,257,235,168,196,243,243,185,244,263,235,259,233,286,223,251,242,252,238,221,235,239,266,247,214,245,247,179,186,254
DpObliVion,63,77,47,108,83,73,88,35,100,66,66,52,57,194,88,93,104,55,59,71,134,95,79,109,188,44,90,112,56,119,36,109,49,67,50,30,183,50,33,220,50,59,37,48,21,36,56,66,51,36,109,110,114,104,99,17,23,72,133,81,88,81,63,52,34,73,93,67,56,27,65,45,31,35,76,59,90,68,78,78,150,145,28,63,66,165,129,165,64,76,72,55,59,8,108,226,0,144,102,252,57,244,62,93,51,62,216,49,106,65,66,79,67,41,83,82,92,107,45,163,22,117,71,95,63,216,49,67,64,68,72,111,59,83,66,73,36,73,111,193,124,92
Bane_Of_Despair,151,149,141,168,143,133,124,151,88,190,150,136,143,184,170,135,114,155,159,155,102,151,159,147,258,144,158,64,142,157,148,171,137,149,142,144,219,138,125,156,142,143,151,150,137,144,154,130,137,138,143,144,158,152,133,149,143,140,97,151,144,131,143,150,130,139,165,153,142,141,133,145,143,153,150,151,156,148,150,142,118,91,142,163,140,133,221,249,132,148,148,145,137,144,84,186,144,0,102,204,145,262,154,161,153,148,236,137,136,133,142,83,127,129,151,90,96,157,149,95,146,171,147,141,135,308,149,149,134,156,154,137,155,143,160,137,126,133,167,165,114,160
TheArkOfTurus,103,139,121,140,141,125,116,119,70,146,104,100,119,208,150,133,136,109,113,131,68,143,131,143,216,106,120,68,98,135,102,119,99,125,116,120,197,94,105,166,116,97,123,126,111,114,112,84,91,94,163,164,86,160,161,113,123,114,99,119,146,129,103,114,114,105,129,109,110,107,119,103,97,107,114,117,122,114,120,104,120,91,116,135,118,125,181,215,112,138,102,121,95,106,60,204,102,102,0,210,111,268,114,145,111,118,242,99,142,101,108,37,111,99,127,60,34,145,113,121,88,167,111,101,99,272,115,99,106,116,128,151,113,121,130,133,76,107,131,149,128,112
raytan7585,249,251,267,278,259,251,256,265,208,296,258,248,263,308,292,265,262,251,255,255,192,287,255,253,154,268,240,184,248,265,262,303,245,263,248,262,133,248,263,104,248,255,261,278,259,260,252,240,253,268,259,260,272,252,255,263,247,256,189,267,260,259,251,258,244,269,283,261,262,255,269,251,251,243,268,263,254,266,262,256,220,185,260,277,254,219,255,155,244,250,252,243,275,250,210,94,252,204,210,0,259,144,268,265,259,252,238,247,244,261,266,195,265,253,259,184,210,265,265,193,256,283,255,255,259,308,237,255,260,262,266,257,241,259,298,269,226,267,255,213,232,260
Tjian,98,58,70,79,56,40,75,56,99,99,105,31,20,197,49,50,67,30,36,52,133,118,58,114,161,57,131,121,27,130,77,72,32,40,31,53,216,35,62,209,31,32,70,73,40,79,35,101,30,57,80,81,125,89,70,64,70,41,150,52,43,84,36,29,81,84,68,46,13,52,22,16,64,68,55,44,71,27,31,89,145,142,47,100,95,174,164,184,43,55,35,34,88,53,105,225,57,145,111,259,0,255,85,82,32,35,231,28,111,18,23,86,30,80,74,85,95,82,70,176,55,94,42,136,24,255,32,102,83,41,47,114,36,42,91,98,85,54,124,188,115,67
jcgamer107,237,231,241,288,259,245,246,251,236,290,238,238,257,318,278,263,238,243,243,239,268,285,251,255,164,254,270,252,242,257,244,283,233,243,236,254,167,238,243,158,238,243,255,262,247,240,238,254,239,244,265,266,248,268,259,245,241,254,251,235,240,237,249,258,242,253,271,243,250,253,255,247,251,263,234,263,240,246,254,216,274,249,256,275,240,293,235,149,246,228,252,241,243,246,258,152,244,262,268,144,255,0,232,251,251,248,198,235,264,243,262,249,247,253,239,258,258,253,243,269,244,279,241,277,243,308,249,243,230,266,260,237,253,259,272,259,258,245,239,259,264,250
NewerShadow,59,125,51,138,133,87,94,51,86,104,66,90,89,206,110,121,116,97,97,111,152,87,125,147,240,44,116,134,88,105,60,117,87,99,106,48,191,86,51,212,104,89,63,76,57,56,104,80,91,52,137,138,108,150,131,67,77,114,155,107,118,109,87,90,78,37,117,89,88,61,97,97,55,79,104,97,114,94,102,76,158,155,48,93,40,191,117,197,104,122,98,107,39,64,106,238,62,154,114,268,85,232,0,129,87,104,212,85,128,79,98,103,79,67,105,116,100,111,53,177,50,169,85,101,71,240,103,55,50,106,112,135,103,89,80,81,72,107,93,211,134,122
Bartzyx,122,64,100,113,64,82,121,94,135,119,123,73,72,191,95,84,101,68,62,72,155,154,76,140,175,123,141,139,81,138,109,114,70,50,55,99,250,69,110,253,55,74,86,107,110,89,69,137,78,119,60,77,145,71,86,104,82,81,132,82,77,118,74,59,111,144,94,68,81,114,82,70,110,110,57,60,73,67,93,109,157,156,103,128,137,170,180,208,75,67,85,64,134,93,143,227,93,161,145,265,82,251,129,0,60,61,215,74,121,84,89,134,74,108,58,129,143,84,118,134,113,102,74,164,82,267,70,144,137,87,67,126,76,98,139,112,123,74,122,222,153,77
ctesjbuvf,98,40,64,85,62,34,85,64,111,111,115,21,28,195,39,70,79,28,24,30,133,124,50,116,165,75,131,123,29,116,63,82,26,40,21,53,218,23,64,221,21,24,60,75,58,63,31,109,24,79,72,73,123,69,70,60,60,41,138,56,61,82,30,13,75,96,60,42,21,62,28,18,60,66,47,20,49,35,55,77,159,146,61,106,89,168,160,176,39,47,45,26,90,47,109,237,51,153,111,259,32,251,87,60,0,31,231,22,103,30,35,86,36,74,56,85,105,68,76,164,63,90,38,132,36,251,26,104,101,41,47,124,30,68,103,108,73,52,118,200,123,67
SwiftyDC,107,45,75,78,57,49,102,59,98,106,106,32,39,206,66,63,78,15,15,57,142,127,55,109,154,78,114,130,26,121,76,85,33,41,12,66,209,34,77,234,16,39,59,94,69,64,16,110,37,84,79,80,128,74,69,71,51,44,133,45,42,99,45,30,74,101,63,35,42,63,43,29,75,67,48,33,62,26,60,76,152,157,64,93,110,157,153,171,40,44,38,23,115,54,110,234,62,148,118,252,35,248,104,61,31,0,216,33,114,45,44,91,47,69,53,90,106,65,101,159,70,85,25,123,39,234,33,107,96,52,28,125,25,59,102,111,90,67,107,199,132,60
Seginustemple,219,227,225,252,205,225,220,223,222,246,206,220,235,308,266,227,212,215,215,235,268,255,233,247,206,230,244,236,214,189,222,271,217,225,218,234,217,218,233,202,218,223,215,260,237,208,214,216,219,216,253,254,188,248,247,229,213,218,249,223,230,207,221,226,218,225,243,203,240,239,249,229,223,235,220,231,238,232,242,166,268,269,230,231,218,275,193,185,220,228,220,219,215,224,238,220,216,236,242,238,231,198,212,215,231,216,0,217,214,233,242,229,229,225,207,238,218,221,233,255,214,265,215,253,223,272,221,211,214,240,220,233,223,223,250,247,234,201,157,265,254,226
Master Moltar,84,50,66,65,60,30,77,72,95,107,93,5,30,207,55,70,63,28,34,42,127,126,56,108,161,65,127,103,11,110,59,72,6,48,21,67,204,7,54,211,19,14,72,85,52,55,31,93,12,65,90,91,113,83,80,60,58,43,144,46,61,68,18,23,57,90,48,32,27,62,32,12,48,68,39,32,47,39,47,65,151,132,65,88,89,170,150,178,25,43,29,22,88,47,103,233,49,137,99,247,28,235,85,74,22,33,217,0,97,16,43,68,22,60,50,81,89,66,72,158,47,96,22,118,20,257,26,90,85,31,49,108,34,52,91,96,81,38,108,198,133,53
SuperNiceDog,111,115,107,110,97,89,46,113,134,144,118,98,121,220,140,97,108,107,103,111,152,147,125,115,206,104,160,130,102,135,96,151,99,125,108,116,231,98,107,218,106,89,113,132,109,102,112,124,93,112,141,142,162,134,139,109,109,90,165,125,126,57,91,110,90,129,119,107,110,113,123,101,81,91,122,109,106,122,118,120,164,157,122,121,116,195,185,217,88,114,90,101,131,110,134,256,106,136,142,244,111,264,128,121,103,114,214,97,0,101,118,117,117,103,117,112,132,111,113,171,94,145,103,147,109,304,93,131,120,98,124,125,99,101,148,125,132,85,131,239,166,120
hylianknight3,86,60,58,71,66,28,61,66,95,113,101,19,24,203,49,56,61,42,46,52,129,118,68,114,167,53,143,109,25,120,61,62,20,48,35,61,212,17,44,197,35,18,82,79,44,71,47,101,16,55,84,85,119,95,74,66,74,47,158,52,59,74,24,37,69,74,54,42,13,58,22,20,54,70,43,44,53,33,35,75,151,126,61,100,81,186,162,190,35,59,33,38,74,61,91,233,65,133,101,261,18,243,79,84,30,45,233,16,101,0,35,72,20,70,66,89,97,80,60,170,53,104,36,128,14,271,40,94,75,35,63,106,44,42,87,86,89,42,124,194,123,63
Radix,117,63,73,92,71,47,80,67,114,118,106,38,29,194,58,55,68,39,41,61,138,113,53,121,166,70,144,134,40,139,92,71,45,47,42,64,225,44,63,212,40,45,85,70,59,90,40,114,39,68,79,80,112,92,69,69,77,44,151,59,52,91,51,38,86,99,85,57,24,49,29,35,77,71,60,49,70,26,40,96,142,153,58,107,102,185,179,191,50,70,48,45,97,64,96,240,66,142,108,266,23,262,98,89,35,44,242,43,118,35,0,97,41,73,77,104,106,85,83,181,68,85,53,129,39,264,41,117,86,52,54,125,47,57,94,99,84,67,133,191,116,62
Zylothewolf,94,114,94,117,108,96,97,104,45,127,95,67,92,211,121,120,125,92,90,106,73,140,118,128,211,81,111,45,73,114,79,128,66,110,83,95,180,65,76,155,85,62,106,111,80,91,91,67,62,83,144,145,107,139,134,86,90,97,94,106,123,100,72,89,83,88,102,92,83,88,94,72,74,90,103,92,101,103,99,81,133,70,97,116,97,124,154,188,83,111,81,88,84,77,47,189,79,83,37,195,86,249,103,134,86,91,229,68,117,72,97,0,90,84,110,29,31,128,94,110,69,148,86,94,80,263,90,80,91,85,105,128,96,102,117,124,57,92,116,146,109,109
scaryice,96,64,58,79,74,32,79,72,99,115,103,23,24,201,51,70,63,50,56,62,145,114,62,128,183,71,139,117,33,118,79,66,28,48,39,67,222,27,52,213,37,36,74,83,58,65,53,109,34,63,84,85,115,93,74,74,74,61,156,52,59,82,36,35,75,88,68,46,31,68,32,34,70,88,43,40,61,35,49,77,139,136,55,102,89,184,168,196,37,63,45,44,84,61,103,233,67,127,111,265,30,247,79,74,36,47,229,22,117,20,41,90,0,66,60,101,101,78,68,168,65,108,40,136,24,265,44,106,89,53,55,118,52,52,75,78,97,54,124,198,133,65
andylt,76,106,52,97,108,86,87,58,111,71,55,59,82,209,109,110,103,80,78,100,137,86,100,118,201,41,101,105,57,120,47,108,62,98,73,49,178,61,32,219,75,62,50,57,44,43,75,79,60,39,134,135,115,129,124,48,46,83,156,92,109,92,70,73,37,66,94,82,81,38,80,68,26,48,89,74,81,83,83,85,151,142,45,60,81,186,138,200,69,103,73,80,68,35,103,257,41,129,99,253,80,253,67,108,74,69,225,60,103,70,73,84,66,0,94,105,93,108,58,164,31,128,72,84,70,233,86,68,57,81,83,120,82,96,57,60,65,88,118,212,137,89
BlAcK TuRtLe,102,74,84,93,76,52,121,92,107,137,115,49,70,199,93,98,97,56,52,80,163,142,86,140,181,97,139,143,57,120,83,94,50,42,47,99,222,51,94,251,47,52,86,101,102,71,55,121,52,95,82,83,121,77,96,100,80,85,124,54,83,110,50,55,85,126,76,48,73,108,78,62,88,104,41,58,57,65,81,91,161,166,101,100,111,176,166,190,51,77,61,52,116,85,121,235,83,151,127,259,74,239,105,58,56,53,207,50,117,66,77,110,60,94,0,119,117,68,98,138,87,120,48,140,64,255,54,114,117,75,57,128,64,64,125,88,117,76,106,224,163,59
SpikeDragon,83,105,105,122,107,87,116,97,54,132,110,86,95,200,118,111,144,85,91,107,78,139,121,131,202,106,94,64,92,107,92,147,87,105,78,100,185,88,97,170,76,87,95,114,77,94,88,76,85,106,143,144,130,136,133,93,83,100,83,119,118,117,91,88,78,107,113,105,84,95,93,69,89,69,112,97,116,96,112,90,118,93,96,117,90,107,167,179,76,98,84,71,105,80,60,168,82,90,60,184,85,258,116,129,85,90,238,81,112,89,104,29,101,105,119,0,48,131,111,105,88,147,95,107,101,258,67,99,100,96,102,141,75,101,140,133,66,111,117,151,114,120
kateee,107,129,115,134,127,115,114,111,50,132,100,92,113,208,142,135,124,95,103,127,84,133,127,135,230,94,104,58,82,131,96,139,89,123,106,110,195,90,99,160,106,91,107,132,101,102,100,74,83,84,165,166,106,160,155,107,113,112,97,113,132,119,93,104,104,101,121,99,104,107,117,93,93,107,116,111,124,116,110,102,130,93,104,121,114,127,169,207,100,126,90,111,91,96,56,196,92,96,34,210,95,258,100,143,105,106,218,89,132,97,106,31,101,93,117,48,0,135,105,111,78,161,99,105,91,266,105,91,102,112,116,139,103,107,122,135,74,103,113,155,118,114
pjbasis,126,68,92,101,84,64,115,100,125,147,139,65,80,205,107,90,83,62,58,70,161,156,74,128,187,103,157,143,67,126,99,114,72,74,67,111,232,69,112,241,65,66,98,127,118,79,61,129,70,109,88,89,153,85,86,118,96,77,146,74,71,110,68,61,101,134,86,56,85,118,94,78,100,108,75,72,83,71,99,101,161,168,109,118,119,170,176,200,67,65,63,60,134,105,143,243,107,157,145,265,82,253,111,84,68,65,221,66,111,80,85,128,78,108,68,131,135,0,120,168,93,112,44,146,72,279,68,134,135,85,63,132,72,62,133,138,131,70,118,232,151,99
LordOfDabu,72,110,34,125,108,74,81,48,105,89,77,75,78,207,95,104,105,96,88,96,147,88,112,126,217,33,131,129,77,120,39,110,72,84,89,41,198,71,32,213,91,64,62,57,36,47,93,75,68,31,124,125,127,135,120,50,62,101,168,98,113,88,70,83,57,60,100,86,67,50,80,76,40,64,87,88,95,85,79,95,159,142,43,80,61,200,140,206,83,113,85,94,48,47,109,243,45,149,113,265,70,243,53,118,76,101,233,72,113,60,83,94,68,58,98,111,105,120,0,180,37,154,94,104,68,247,90,74,57,95,109,108,92,86,69,66,71,84,122,212,127,105
chocoboslayer,160,150,166,195,162,176,175,168,113,203,173,161,168,209,195,182,165,160,166,164,83,172,170,158,267,181,135,91,163,182,171,208,160,156,153,175,246,157,170,203,151,170,154,171,170,159,157,151,164,177,140,157,171,147,162,174,150,173,78,174,169,170,166,167,163,180,192,160,171,172,178,162,170,166,157,166,175,169,165,155,123,114,167,186,173,120,230,254,167,151,171,150,176,163,121,185,163,95,121,193,176,269,177,134,164,159,255,158,171,170,181,110,168,164,138,105,111,168,180,0,171,198,160,166,170,301,162,154,171,157,161,172,166,184,201,152,135,174,170,176,141,175
fpce666,55,91,41,100,93,73,72,39,98,66,56,48,69,210,102,99,92,61,65,83,128,95,89,107,194,26,100,108,50,117,30,105,51,85,68,40,173,50,29,206,64,49,43,56,27,34,64,48,43,18,125,126,110,122,115,33,39,70,151,75,94,77,55,66,34,53,85,61,62,39,75,51,17,35,78,75,86,74,76,72,156,135,32,55,62,173,119,183,64,90,50,69,51,26,102,244,22,146,88,256,55,244,50,113,63,70,214,47,94,53,68,69,65,31,87,88,78,93,37,171,0,127,59,85,55,226,63,49,54,68,80,105,69,73,56,69,52,67,105,207,128,86
WiggumFan267,160,64,136,83,88,112,139,128,169,137,147,93,98,193,77,98,105,88,88,72,161,172,62,130,193,139,183,155,91,170,137,86,94,108,83,129,260,93,126,253,85,96,130,143,128,133,87,155,92,137,108,109,169,103,98,128,122,87,166,112,65,140,104,91,127,168,78,94,97,118,98,88,132,116,105,94,99,89,111,143,169,176,129,114,167,178,214,234,89,65,93,90,166,113,149,263,117,171,167,283,94,279,169,102,90,85,265,96,145,104,85,148,108,128,120,147,161,112,154,198,127,0,98,176,104,275,90,168,145,103,95,142,92,116,111,154,143,98,172,216,155,85
MoogleKupo141,94,52,64,65,68,40,91,68,85,119,101,23,50,213,73,76,75,22,28,64,143,128,68,112,167,69,123,123,25,112,69,76,28,54,23,77,196,25,68,227,21,32,70,101,74,53,27,97,32,77,96,97,121,91,86,80,58,59,138,40,55,90,34,37,67,102,56,22,47,76,50,34,64,74,41,44,53,35,63,65,153,150,75,86,101,164,144,172,35,45,33,26,108,65,107,235,71,147,111,255,42,241,85,74,38,25,215,22,103,36,53,86,40,72,48,95,99,44,94,160,59,98,0,116,28,251,40,100,93,41,31,120,40,44,99,102,99,56,106,214,141,59
Ytterbicide,106,152,104,143,146,134,143,108,101,131,91,119,138,237,171,154,155,126,124,154,139,132,150,152,245,89,111,125,115,122,93,148,118,142,125,109,168,119,96,223,127,120,112,123,102,93,121,69,116,97,182,183,133,179,170,94,96,135,148,142,161,138,130,133,93,98,142,118,137,94,140,126,88,96,135,128,133,131,143,121,155,152,105,108,105,186,160,222,125,153,123,132,104,95,105,259,95,141,101,255,136,277,101,164,132,123,253,118,147,128,129,94,136,84,140,107,105,146,104,166,85,176,116,0,128,257,132,76,87,123,133,162,128,130,125,116,71,138,126,210,143,135
Safer_777,96,64,64,77,74,34,69,60,87,113,103,23,28,203,55,60,55,34,40,58,137,116,68,114,171,53,133,117,19,124,67,62,20,46,37,53,210,15,46,205,37,28,80,85,56,71,39,103,24,53,84,85,113,95,74,64,76,57,160,44,55,80,32,39,71,78,58,34,27,56,32,32,62,76,43,38,57,33,41,79,141,136,55,96,87,182,158,192,41,59,37,42,80,63,93,233,63,135,99,259,24,243,71,82,36,39,223,20,109,14,39,80,24,70,64,101,91,72,68,170,55,104,28,128,0,261,44,94,79,49,55,114,38,38,77,94,89,46,116,190,117,65
Jester69,239,265,225,272,275,271,294,213,266,232,248,256,257,302,250,287,304,243,243,277,300,251,277,301,282,238,230,296,252,267,232,269,257,245,238,218,235,256,235,308,238,263,205,236,229,214,240,232,261,236,285,286,276,278,287,231,209,274,279,247,268,289,265,246,226,237,253,251,264,229,267,253,233,227,256,249,272,248,276,246,306,313,214,237,238,279,157,235,262,268,264,245,239,212,280,286,216,308,272,308,255,308,240,267,251,234,272,257,304,271,264,263,265,233,255,258,266,279,247,301,226,275,251,257,261,0,253,233,242,280,246,313,253,275,218,255,216,283,263,291,286,270
Advokaiser,80,44,78,73,54,26,95,68,109,113,105,27,32,197,63,60,83,22,30,46,145,130,54,116,155,87,119,129,35,108,71,94,28,40,21,73,212,31,78,233,19,38,68,91,62,69,29,101,30,81,76,77,129,71,66,64,58,47,132,52,55,88,40,27,57,112,66,38,31,70,40,22,74,52,49,40,65,37,59,79,139,154,69,94,81,160,162,162,21,45,31,16,104,51,113,223,49,149,115,237,32,249,103,70,26,33,221,26,93,40,41,90,44,86,54,67,105,68,90,162,63,90,40,132,44,253,0,110,103,47,43,118,14,42,111,106,79,56,108,208,137,63
HeroDelTiempo17,66,130,86,129,118,116,113,84,101,101,61,91,110,221,137,142,129,104,108,122,131,114,124,142,233,65,109,119,91,100,67,144,92,124,109,77,180,89,68,215,107,92,82,99,70,77,105,51,86,59,166,167,89,161,156,68,74,109,158,120,141,108,90,109,71,46,124,94,101,82,112,94,62,76,115,102,117,119,119,85,163,128,69,84,67,180,114,210,109,133,99,112,54,71,101,251,67,149,99,255,102,243,55,144,104,107,211,90,131,94,117,80,106,68,114,99,91,134,74,154,49,168,100,76,94,233,110,0,61,101,121,144,106,110,95,96,63,104,96,214,127,121
The Mana Sword,55,123,55,112,109,91,94,59,96,106,32,90,95,210,120,95,116,97,97,127,130,91,125,115,198,46,110,118,80,113,52,113,87,103,94,62,185,86,47,204,96,85,77,76,49,66,94,64,81,46,143,144,100,154,133,67,67,106,163,105,114,105,91,106,62,45,103,99,86,43,97,89,49,57,102,109,110,86,84,76,136,143,62,79,50,191,119,199,92,118,78,97,45,64,90,242,64,134,106,260,83,230,50,137,101,96,214,85,120,75,86,91,89,57,117,100,102,135,57,171,54,145,93,87,79,242,103,61,0,100,110,115,99,95,80,79,72,111,107,197,132,104
CasanovaZelos,103,71,91,62,63,57,90,93,114,114,104,34,49,222,76,77,90,49,51,63,118,135,75,119,168,76,140,116,40,125,80,83,35,71,42,88,217,34,77,228,42,31,93,90,67,86,52,108,31,86,107,108,132,102,97,71,77,54,153,75,82,89,35,44,82,109,69,49,38,75,49,27,63,79,66,45,60,60,36,94,154,141,88,105,116,183,171,185,48,66,48,43,109,68,122,252,68,156,116,262,41,266,106,87,41,52,240,31,98,35,52,85,53,81,75,96,112,85,95,157,68,103,41,123,49,280,47,101,100,0,58,121,55,59,120,111,94,55,133,209,150,72
Osfan,117,61,81,72,67,63,118,75,102,112,108,48,55,212,82,73,94,37,33,73,158,143,75,125,168,88,118,134,44,121,94,91,51,55,30,82,213,48,91,248,32,53,67,102,85,80,30,118,53,86,81,82,130,76,71,85,69,68,133,57,60,111,65,46,86,129,83,39,56,81,61,45,89,79,58,53,70,40,68,86,152,163,78,99,118,165,165,169,50,60,50,31,121,68,130,238,72,154,128,266,47,260,112,67,47,28,220,49,124,63,54,105,55,83,57,102,116,63,109,161,80,95,31,133,55,246,43,121,110,58,0,135,43,61,104,115,98,77,123,213,144,74
Tirofog,138,120,118,139,104,116,109,126,133,141,119,113,124,195,155,108,121,124,124,122,127,172,128,58,211,117,189,99,113,154,101,150,106,128,117,127,258,109,112,217,119,108,136,135,112,117,123,121,102,107,126,111,147,115,96,112,120,121,134,122,123,106,112,127,115,148,126,112,115,122,124,112,112,126,103,130,129,125,117,127,107,120,127,132,139,166,198,232,111,119,107,122,134,115,141,221,111,137,151,257,114,237,135,126,124,125,233,108,125,106,125,128,118,120,128,141,139,132,108,172,105,142,120,162,114,313,118,144,115,121,135,0,126,120,149,138,139,100,142,224,87,121
UltimaterializerX,86,50,84,73,64,34,97,66,105,113,107,37,42,207,65,56,81,20,22,50,141,132,56,112,151,81,115,133,27,112,71,90,34,50,25,67,208,33,80,229,29,42,68,101,70,81,21,107,36,83,84,85,131,79,74,70,68,47,140,54,57,96,50,39,63,104,70,34,35,66,44,30,78,50,53,42,63,37,63,87,141,160,71,90,89,160,164,170,29,53,33,24,110,59,109,235,59,155,113,241,36,253,103,76,30,25,223,34,99,44,47,96,52,82,64,75,103,72,92,166,69,92,40,128,38,253,14,106,99,55,43,126,0,44,105,114,85,60,108,200,131,67
HaRRicH,92,86,86,71,70,34,91,86,95,121,111,53,50,201,89,64,77,52,58,88,163,128,84,128,177,69,145,139,49,110,79,78,50,56,59,87,212,51,78,227,61,50,100,109,80,83,55,103,44,71,90,91,133,101,80,92,90,73,162,58,73,106,48,59,71,102,70,44,47,86,62,56,86,80,63,68,77,57,57,103,145,160,83,98,91,190,176,188,37,83,41,56,102,89,107,239,83,143,121,259,42,259,89,98,68,59,223,52,101,42,57,102,52,96,64,101,107,62,86,184,73,116,44,130,38,275,42,110,95,59,61,120,44,0,107,102,113,62,110,222,143,77
Bossman_Coolguy,103,133,59,92,139,101,110,61,124,80,92,88,89,208,70,123,116,105,105,129,170,107,123,147,238,54,128,148,84,143,78,73,91,111,104,56,213,88,51,240,104,97,75,78,63,74,102,98,93,46,145,146,128,156,135,69,79,120,189,105,114,115,107,104,68,81,85,99,98,57,101,103,69,79,106,103,120,90,104,108,162,165,54,75,90,189,161,227,104,134,98,111,79,62,126,266,66,160,130,298,91,272,80,139,103,102,250,91,148,87,94,117,75,57,125,140,122,133,69,201,56,111,99,125,77,218,111,95,80,120,104,149,105,107,0,85,90,115,145,219,148,122
Lord Bob Bree,76,126,58,129,122,96,109,70,125,111,83,93,94,197,123,128,121,112,120,132,167,84,130,152,231,69,121,145,105,144,73,120,98,96,103,71,186,97,52,245,101,104,74,65,64,69,117,103,100,63,130,131,133,139,136,82,70,129,160,106,121,118,98,107,67,88,130,102,97,72,94,104,70,82,91,112,93,99,107,109,157,158,63,74,87,204,164,222,95,131,105,110,86,69,103,247,73,137,133,269,98,259,81,112,108,111,247,96,125,86,99,124,78,60,88,133,135,138,66,152,69,154,102,116,94,255,106,96,79,111,115,138,114,102,85,0,97,122,148,226,155,97
WhiteLens,75,101,65,134,107,105,106,61,88,96,78,82,81,202,112,115,136,85,85,97,106,103,105,139,216,70,74,92,82,121,60,135,79,97,80,54,163,74,57,200,82,85,61,70,53,68,84,48,77,64,131,132,112,128,121,49,55,98,111,109,118,107,93,80,66,73,123,91,78,47,91,77,59,57,102,85,114,92,98,86,128,119,54,97,64,151,131,177,96,108,100,83,59,38,88,214,36,126,76,226,85,258,72,123,73,90,234,81,132,89,84,57,97,65,117,66,74,131,71,135,52,143,99,71,89,216,79,63,72,94,98,139,85,113,90,97,0,101,119,173,98,124
LordoftheMorons,100,64,94,87,40,62,67,102,123,115,109,41,62,209,89,52,63,58,62,54,133,144,68,108,169,89,159,111,45,124,71,90,40,74,55,97,232,37,80,197,57,38,102,109,82,85,59,101,34,81,98,99,129,93,88,82,94,33,154,72,79,64,42,53,83,116,70,46,49,96,62,42,78,94,53,56,67,65,67,91,161,138,93,106,115,186,174,204,49,61,53,60,102,77,123,245,73,133,107,267,54,245,107,74,52,67,201,38,85,42,67,92,54,88,76,111,103,70,84,174,67,98,56,138,46,283,56,104,111,55,77,100,60,62,115,122,101,0,124,214,137,73
foolmoron,106,136,114,147,132,108,139,106,107,137,97,111,126,211,155,140,143,102,100,138,163,148,136,160,237,117,129,145,105,56,111,162,106,112,111,119,228,111,126,245,109,112,110,145,128,95,103,101,112,117,160,161,85,155,154,122,104,135,156,118,135,132,108,113,109,92,132,96,131,128,140,120,112,118,113,120,129,117,135,55,167,170,123,118,85,176,128,204,109,135,103,106,96,117,119,247,111,167,131,255,124,239,93,122,118,107,157,108,131,124,133,116,124,118,106,117,113,118,122,170,105,172,106,126,116,263,108,96,107,133,123,142,108,110,145,148,119,124,0,240,161,115
ffmasterjose,222,196,208,253,218,212,203,194,151,245,225,203,186,269,217,198,191,202,202,190,129,234,188,210,211,199,197,147,195,242,217,214,200,202,199,191,238,197,196,165,201,206,212,199,186,221,199,207,204,203,206,207,201,217,204,196,208,195,162,220,185,208,216,205,219,202,240,218,191,178,196,194,206,202,215,200,223,189,195,211,169,164,191,240,211,184,220,240,219,193,217,204,206,193,151,179,193,165,149,213,188,259,211,222,200,199,265,198,239,194,191,146,198,212,224,151,155,232,212,176,207,216,214,210,190,291,208,214,197,209,213,224,200,222,219,226,173,214,240,0,169,211
Fiop,161,127,137,186,145,139,124,125,112,164,158,132,121,174,144,135,128,131,133,127,96,159,129,89,244,128,150,88,128,161,144,167,131,137,130,110,229,128,115,188,130,137,143,136,117,150,128,118,127,120,131,116,144,128,103,125,133,130,111,147,124,133,141,134,136,131,171,141,114,119,117,125,139,135,146,131,154,126,132,140,72,97,114,161,138,127,211,237,142,136,146,137,127,124,102,186,124,114,128,232,115,264,134,153,123,132,254,133,166,123,116,109,133,137,163,114,118,151,127,141,128,155,141,143,117,286,137,127,132,150,144,87,131,143,148,155,98,137,161,169,0,158
Haste2,109,85,99,92,75,69,112,103,118,128,98,50,75,208,100,87,98,61,67,93,140,133,81,129,166,100,142,144,52,127,94,77,49,77,58,102,213,56,89,242,58,59,101,112,101,90,64,110,55,96,111,112,110,104,105,105,93,78,153,65,84,111,59,66,86,127,87,55,74,99,71,61,91,95,58,73,54,64,72,102,148,155,102,85,128,189,171,213,48,86,52,67,129,88,100,254,92,160,112,260,67,250,122,77,67,60,226,53,120,63,62,109,65,89,59,120,114,99,105,175,86,85,59,135,65,270,63,121,104,72,74,121,67,77,122,97,124,73,115,211,158,0
